-- MySQL dump 10.13  Distrib 8.0.34, for Win64 (x86_64)
--
-- Host: localhost    Database: attendance
-- ------------------------------------------------------
-- Server version	8.0.34

/*!40101 SET @OLD_CHARACTER_SET_CLIENT=@@CHARACTER_SET_CLIENT */;
/*!40101 SET @OLD_CHARACTER_SET_RESULTS=@@CHARACTER_SET_RESULTS */;
/*!40101 SET @OLD_COLLATION_CONNECTION=@@COLLATION_CONNECTION */;
/*!50503 SET NAMES utf8mb4 */;
/*!40103 SET @OLD_TIME_ZONE=@@TIME_ZONE */;
/*!40103 SET TIME_ZONE='+00:00' */;
/*!40014 SET @OLD_UNIQUE_CHECKS=@@UNIQUE_CHECKS, UNIQUE_CHECKS=0 */;
/*!40014 SET @OLD_FOREIGN_KEY_CHECKS=@@FOREIGN_KEY_CHECKS, FOREIGN_KEY_CHECKS=0 */;
/*!40101 SET @OLD_SQL_MODE=@@SQL_MODE, SQL_MODE='NO_AUTO_VALUE_ON_ZERO' */;
/*!40111 SET @OLD_SQL_NOTES=@@SQL_NOTES, SQL_NOTES=0 */;

--
-- Table structure for table `account_users`
--

DROP TABLE IF EXISTS `account_users`;
/*!40101 SET @saved_cs_client     = @@character_set_client */;
/*!50503 SET character_set_client = utf8mb4 */;
CREATE TABLE `account_users` (
  `id` bigint NOT NULL AUTO_INCREMENT,
  `password` varchar(128) NOT NULL,
  `last_login` datetime(6) DEFAULT NULL,
  `is_superuser` tinyint(1) NOT NULL,
  `email` varchar(254) NOT NULL,
  `first_name` varchar(30) NOT NULL,
  `last_name` varchar(30) NOT NULL,
  `date_joined` datetime(6) NOT NULL,
  `is_active` tinyint(1) NOT NULL,
  `is_staff` tinyint(1) NOT NULL,
  `is_coordinator` tinyint(1) NOT NULL,
  `user_obj_id` bigint DEFAULT NULL,
  PRIMARY KEY (`id`),
  UNIQUE KEY `email` (`email`),
  KEY `account_users_user_obj_id_9fa5bbf9_fk_masters_teacher_id` (`user_obj_id`),
  CONSTRAINT `account_users_user_obj_id_9fa5bbf9_fk_masters_teacher_id` FOREIGN KEY (`user_obj_id`) REFERENCES `masters_teacher` (`id`)
) ENGINE=InnoDB AUTO_INCREMENT=32 DEFAULT CHARSET=utf8mb4 COLLATE=utf8mb4_0900_ai_ci;
/*!40101 SET character_set_client = @saved_cs_client */;

--
-- Dumping data for table `account_users`
--

LOCK TABLES `account_users` WRITE;
/*!40000 ALTER TABLE `account_users` DISABLE KEYS */;
INSERT INTO `account_users` VALUES (1,'pbkdf2_sha256$600000$ucmJluqY7ouUg48PVo3aFh$NIFBCUo17XCmT3nGcymuz7UELLBYEXqVQDP+qVI/ifg=','2023-09-30 08:23:36.997991',1,'admin@dietms.org','Admin','#789','2023-09-13 05:17:15.379938',1,1,0,NULL),(2,'pbkdf2_sha256$600000$wpFZyRkaZvBOCV6LUg5ZPf$k1dG3oX4LhUUMOVtYP6qytVQ8tCSbzv0myQl1/onUi0=','2023-09-30 09:06:59.578079',0,'sandeepshah@dietms.org','Sandeep','Shah','2023-09-13 05:22:39.000000',1,1,1,1),(3,'pbkdf2_sha256$600000$PztGdY0BjWsxxpRCLkvNVu$leJvBsXeYEMqe/oi84iqD10f4vC0sn+u0lJwE4y5em0=','2023-09-30 06:05:02.099993',0,'pravinmahadik@dietms.org','Pravin','Mahadik','2023-09-13 05:32:09.275116',1,0,0,2),(4,'pbkdf2_sha256$600000$UZBelrUAfUUkVWB9Mcttek$MBK8rkuJNvlt5509n44Scl3RvUNt8y1JzWfD1ELupro=','2023-09-13 10:40:14.126371',0,'vitthalbhosale@dietms.org','VITTHAL','BHOSLE','2023-09-13 10:34:54.000000',1,0,1,3),(7,'pbkdf2_sha256$600000$iamwXLXg44Fkl5Rw7EinRO$F/IFYQ08gy13lawffx9yYvb4X9vXwlCHie4lU4BUaE0=','2023-09-15 08:03:55.134030',0,'rushikeshmalani66@gmail.com','rushikesh','malani','2023-09-14 10:41:58.000000',1,0,1,6),(12,'pbkdf2_sha256$600000$4eFodqk0eiYk1boM9LODuo$yuQ7AWghAjxCHyRlpzOX/VqH2AHAXGeUGh+KQEmxL/k=','2023-09-30 04:48:28.886105',0,'hodcse@dietms.org','Sanjay','Kalyankar','2023-09-16 08:19:50.000000',1,0,1,13),(13,'pbkdf2_sha256$600000$Fr1GhUzmcQ3mlCvhFYinZU$BmOGwZKIwqhWZyKsFdz4OqxixgqMW2ToKCWKm1btcvM=','2023-09-30 09:52:15.011671',0,'MADHUBALACHAUDHARI@dietms.org','Madhubala','Chaudhari','2023-09-16 08:21:26.481862',1,0,0,14),(14,'pbkdf2_sha256$600000$ZHVA06hhHAhbwBJzjsYzN4$oiN7X6htvH/VW/3O0C7+b5G2lGAVzPUoouhkstTV9rA=','2023-09-16 09:56:48.756115',0,'VISHALCHAUHAN@dietms.org','Vishalsingh','Chauhan','2023-09-16 08:22:19.858295',1,0,0,15),(15,'pbkdf2_sha256$600000$nt5Pg7uu93EyTu0ZmBgeme$HSW4AiMZq8niLiRHT8JSGiWu9auz07cfZadiB6dBGOQ=','2023-09-21 08:01:40.192599',0,'PRIYANKADHAS@dietms.org','Priyanka','Dhas ','2023-09-16 08:23:23.692025',1,0,0,16),(16,'pbkdf2_sha256$600000$Sa2HmJO36hVnaOQ1QPmfTs$24g+PkCjDurROMx14jEQWIVkuzgVU3TFJTPb246jiwM=','2023-09-29 08:14:15.374414',0,'PRAMODBHALERAO@dietms.org','Pramod','Bhalerao','2023-09-16 08:24:17.994436',1,0,0,17),(17,'pbkdf2_sha256$600000$dyCgC1qV99pRtFRZp2SuG9$rfIX5NE39jct8BoXzV4ankXOFQBU2ErgjplYkZtuKkg=','2023-09-16 10:28:31.396082',0,'PRAVINRATHOD@dietms.org','Pravin','Rathod','2023-09-16 08:26:05.781057',1,0,0,18),(18,'pbkdf2_sha256$600000$DrJXCizyD7AUZSdLTCak0H$lzy9cO8bzsQAzrZPCw7x2pPXnooJiC4rFgsezeiYOQE=','2023-09-25 09:07:03.695312',0,'PANKAJDUROLE@dietms.org','Pankaj','Durole','2023-09-16 08:27:39.635627',1,0,0,19),(19,'pbkdf2_sha256$600000$rndvTADkuVbzh9BA9CMcKS$/x1od5mDk6F58L8wM+HVuFd7lNHFuZGHCGiCmtGGxBo=',NULL,0,'SARIKASOLANKE@dietms.org','Sarika','Chavan','2023-09-16 08:28:45.001802',1,0,0,20),(20,'pbkdf2_sha256$600000$xFBMmd25zYA0LJNd1n88ze$GCedoR/MC39u1ljuqlhaNP1NS3CaRLDL6tVsOCs2N3k=','2023-09-26 08:42:20.265572',0,'SMITAPONDE@dietms.org','Smita','Ponde','2023-09-16 08:29:36.607929',1,0,0,21),(21,'pbkdf2_sha256$600000$XqKMODyUNbU9pakhawrWWe$V/PZ7Uxbr8YDw336Bcoz9hL3Z74Njprw+U/kQo0p4yY=','2023-09-23 05:13:54.806391',0,'ASHWINIGAIKWAD@dietms.org','Ashwini','Gaikwad','2023-09-16 08:30:37.456069',1,0,0,22),(22,'pbkdf2_sha256$600000$93OYnCgKpHhpRd7v52UKI1$aLerMKaMgMLDkwNiC4nvFGiKgZRA4k8ee5hML5FTjFU=','2023-09-23 10:58:07.883325',0,'POONAMBORASE@dietms.org','Poonam','Borase','2023-09-16 08:31:51.349528',1,0,0,23),(23,'pbkdf2_sha256$600000$t3DV6liAi8EoGlm7EXg4jO$MkvYKKJjIBC5T5+bURQWPK3pifXj+9ZN1Y0uO1pUOrM=',NULL,0,'manishamundhe@dietms.org','Manisha','Mundhe','2023-09-16 08:32:48.147852',1,0,0,24),(24,'pbkdf2_sha256$600000$2TpaDSXb8IL7b8jf2ZPucz$TW3bQ4dGyslaNXL8nvbTZxKrqBuixQs0HwFTuCIjkkk=','2023-09-21 10:25:15.152863',0,'PADMAPANITRIBHUVAN@dietms.org','Padmapani','Tribhuvan','2023-09-16 08:36:45.334563',1,0,0,25),(25,'pbkdf2_sha256$600000$Rhbto2lWYhmjdsHRKoah4V$RXRAHMFV7tdVVBWoMX0HKGHF2/ZoQUvbAlbqbSvZh7c=','2023-09-16 09:49:02.789912',0,'vijaykolte@dietms.org','Vijay','Kolte','2023-09-16 08:38:29.787887',1,0,0,26),(26,'pbkdf2_sha256$600000$irGf7XlKL0vfxDpyIPtL8j$zqd8yZSa4fxCc0yNOaOnXtDJNotiAYKhr8rBWhfhGdk=','2023-09-25 05:18:41.670401',0,'gopalburkul@dietms.org','Gopal','Burkul ','2023-09-16 08:40:44.223275',1,0,0,27),(27,'pbkdf2_sha256$600000$7BUrOosypITYmiJALxGUQ7$WKaQ9sfJ92h+XhE1UUUzWFvUF4iOponso/ts9VcafsI=','2023-09-18 05:38:35.007917',0,'ashwinijagnade@dietms.org','Ashwini','Jagnade ','2023-09-16 08:42:24.443720',1,0,0,28),(28,'pbkdf2_sha256$600000$B7Qm0nFAoncTidGDDoOggw$vEq/udohn6V4IkuIom3BFpkTP6CMG91teTFqrAVWnUM=',NULL,0,'amolwakhare@dietms.org','Amol ','Wakhare ','2023-09-16 08:43:25.688733',1,0,0,29),(29,'pbkdf2_sha256$600000$NLGgSeOPPUdlmP0xqtH64h$D+1twvGDvryTEKFz60i2gv8D+s7rk8he0M8vOXzoNo4=',NULL,0,'ksjadhav@dietms.org','Kakasaheb ','Jadhav ','2023-09-16 08:46:19.995206',1,0,0,30),(30,'pbkdf2_sha256$600000$mBD4pV1TCBfqW964Huozar$BkJgmX73s75fMy+cU1RHm70rFvux5wQVodZ1DMcMUX0=','2023-09-29 07:01:32.858284',0,'sonalishelke@dietms.org','Sonali','Shelke ','2023-09-16 08:56:07.240805',1,0,0,31);
/*!40000 ALTER TABLE `account_users` ENABLE KEYS */;
UNLOCK TABLES;

--
-- Table structure for table `account_users_groups`
--

DROP TABLE IF EXISTS `account_users_groups`;
/*!40101 SET @saved_cs_client     = @@character_set_client */;
/*!50503 SET character_set_client = utf8mb4 */;
CREATE TABLE `account_users_groups` (
  `id` bigint NOT NULL AUTO_INCREMENT,
  `users_id` bigint NOT NULL,
  `group_id` int NOT NULL,
  PRIMARY KEY (`id`),
  UNIQUE KEY `account_users_groups_users_id_group_id_64a581b4_uniq` (`users_id`,`group_id`),
  KEY `account_users_groups_group_id_f8baf675_fk_auth_group_id` (`group_id`),
  CONSTRAINT `account_users_groups_group_id_f8baf675_fk_auth_group_id` FOREIGN KEY (`group_id`) REFERENCES `auth_group` (`id`),
  CONSTRAINT `account_users_groups_users_id_42c8f507_fk_account_users_id` FOREIGN KEY (`users_id`) REFERENCES `account_users` (`id`)
) ENGINE=InnoDB DEFAULT CHARSET=utf8mb4 COLLATE=utf8mb4_0900_ai_ci;
/*!40101 SET character_set_client = @saved_cs_client */;

--
-- Dumping data for table `account_users_groups`
--

LOCK TABLES `account_users_groups` WRITE;
/*!40000 ALTER TABLE `account_users_groups` DISABLE KEYS */;
/*!40000 ALTER TABLE `account_users_groups` ENABLE KEYS */;
UNLOCK TABLES;

--
-- Table structure for table `account_users_user_permissions`
--

DROP TABLE IF EXISTS `account_users_user_permissions`;
/*!40101 SET @saved_cs_client     = @@character_set_client */;
/*!50503 SET character_set_client = utf8mb4 */;
CREATE TABLE `account_users_user_permissions` (
  `id` bigint NOT NULL AUTO_INCREMENT,
  `users_id` bigint NOT NULL,
  `permission_id` int NOT NULL,
  PRIMARY KEY (`id`),
  UNIQUE KEY `account_users_user_permi_users_id_permission_id_7816e12b_uniq` (`users_id`,`permission_id`),
  KEY `account_users_user_p_permission_id_93dcf8b3_fk_auth_perm` (`permission_id`),
  CONSTRAINT `account_users_user_p_permission_id_93dcf8b3_fk_auth_perm` FOREIGN KEY (`permission_id`) REFERENCES `auth_permission` (`id`),
  CONSTRAINT `account_users_user_p_users_id_7136507e_fk_account_u` FOREIGN KEY (`users_id`) REFERENCES `account_users` (`id`)
) ENGINE=InnoDB DEFAULT CHARSET=utf8mb4 COLLATE=utf8mb4_0900_ai_ci;
/*!40101 SET character_set_client = @saved_cs_client */;

--
-- Dumping data for table `account_users_user_permissions`
--

LOCK TABLES `account_users_user_permissions` WRITE;
/*!40000 ALTER TABLE `account_users_user_permissions` DISABLE KEYS */;
/*!40000 ALTER TABLE `account_users_user_permissions` ENABLE KEYS */;
UNLOCK TABLES;

--
-- Table structure for table `auth_group`
--

DROP TABLE IF EXISTS `auth_group`;
/*!40101 SET @saved_cs_client     = @@character_set_client */;
/*!50503 SET character_set_client = utf8mb4 */;
CREATE TABLE `auth_group` (
  `id` int NOT NULL AUTO_INCREMENT,
  `name` varchar(150) NOT NULL,
  PRIMARY KEY (`id`),
  UNIQUE KEY `name` (`name`)
) ENGINE=InnoDB DEFAULT CHARSET=utf8mb4 COLLATE=utf8mb4_0900_ai_ci;
/*!40101 SET character_set_client = @saved_cs_client */;

--
-- Dumping data for table `auth_group`
--

LOCK TABLES `auth_group` WRITE;
/*!40000 ALTER TABLE `auth_group` DISABLE KEYS */;
/*!40000 ALTER TABLE `auth_group` ENABLE KEYS */;
UNLOCK TABLES;

--
-- Table structure for table `auth_group_permissions`
--

DROP TABLE IF EXISTS `auth_group_permissions`;
/*!40101 SET @saved_cs_client     = @@character_set_client */;
/*!50503 SET character_set_client = utf8mb4 */;
CREATE TABLE `auth_group_permissions` (
  `id` bigint NOT NULL AUTO_INCREMENT,
  `group_id` int NOT NULL,
  `permission_id` int NOT NULL,
  PRIMARY KEY (`id`),
  UNIQUE KEY `auth_group_permissions_group_id_permission_id_0cd325b0_uniq` (`group_id`,`permission_id`),
  KEY `auth_group_permissio_permission_id_84c5c92e_fk_auth_perm` (`permission_id`),
  CONSTRAINT `auth_group_permissio_permission_id_84c5c92e_fk_auth_perm` FOREIGN KEY (`permission_id`) REFERENCES `auth_permission` (`id`),
  CONSTRAINT `auth_group_permissions_group_id_b120cbf9_fk_auth_group_id` FOREIGN KEY (`group_id`) REFERENCES `auth_group` (`id`)
) ENGINE=InnoDB DEFAULT CHARSET=utf8mb4 COLLATE=utf8mb4_0900_ai_ci;
/*!40101 SET character_set_client = @saved_cs_client */;

--
-- Dumping data for table `auth_group_permissions`
--

LOCK TABLES `auth_group_permissions` WRITE;
/*!40000 ALTER TABLE `auth_group_permissions` DISABLE KEYS */;
/*!40000 ALTER TABLE `auth_group_permissions` ENABLE KEYS */;
UNLOCK TABLES;

--
-- Table structure for table `auth_permission`
--

DROP TABLE IF EXISTS `auth_permission`;
/*!40101 SET @saved_cs_client     = @@character_set_client */;
/*!50503 SET character_set_client = utf8mb4 */;
CREATE TABLE `auth_permission` (
  `id` int NOT NULL AUTO_INCREMENT,
  `name` varchar(255) NOT NULL,
  `content_type_id` int NOT NULL,
  `codename` varchar(100) NOT NULL,
  PRIMARY KEY (`id`),
  UNIQUE KEY `auth_permission_content_type_id_codename_01ab375a_uniq` (`content_type_id`,`codename`),
  CONSTRAINT `auth_permission_content_type_id_2f476e4b_fk_django_co` FOREIGN KEY (`content_type_id`) REFERENCES `django_content_type` (`id`)
) ENGINE=InnoDB AUTO_INCREMENT=69 DEFAULT CHARSET=utf8mb4 COLLATE=utf8mb4_0900_ai_ci;
/*!40101 SET character_set_client = @saved_cs_client */;

--
-- Dumping data for table `auth_permission`
--

LOCK TABLES `auth_permission` WRITE;
/*!40000 ALTER TABLE `auth_permission` DISABLE KEYS */;
INSERT INTO `auth_permission` VALUES (1,'Can add log entry',1,'add_logentry'),(2,'Can change log entry',1,'change_logentry'),(3,'Can delete log entry',1,'delete_logentry'),(4,'Can view log entry',1,'view_logentry'),(5,'Can add permission',2,'add_permission'),(6,'Can change permission',2,'change_permission'),(7,'Can delete permission',2,'delete_permission'),(8,'Can view permission',2,'view_permission'),(9,'Can add group',3,'add_group'),(10,'Can change group',3,'change_group'),(11,'Can delete group',3,'delete_group'),(12,'Can view group',3,'view_group'),(13,'Can add content type',4,'add_contenttype'),(14,'Can change content type',4,'change_contenttype'),(15,'Can delete content type',4,'delete_contenttype'),(16,'Can view content type',4,'view_contenttype'),(17,'Can add session',5,'add_session'),(18,'Can change session',5,'change_session'),(19,'Can delete session',5,'delete_session'),(20,'Can view session',5,'view_session'),(21,'Can add class',6,'add_class'),(22,'Can change class',6,'change_class'),(23,'Can delete class',6,'delete_class'),(24,'Can view class',6,'view_class'),(25,'Can add department',7,'add_department'),(26,'Can change department',7,'change_department'),(27,'Can delete department',7,'delete_department'),(28,'Can view department',7,'view_department'),(29,'Can add practical batch',8,'add_practicalbatch'),(30,'Can change practical batch',8,'change_practicalbatch'),(31,'Can delete practical batch',8,'delete_practicalbatch'),(32,'Can view practical batch',8,'view_practicalbatch'),(33,'Can add semester',9,'add_semester'),(34,'Can change semester',9,'change_semester'),(35,'Can delete semester',9,'delete_semester'),(36,'Can view semester',9,'view_semester'),(37,'Can add subject',10,'add_subject'),(38,'Can change subject',10,'change_subject'),(39,'Can delete subject',10,'delete_subject'),(40,'Can view subject',10,'view_subject'),(41,'Can add theory elective',11,'add_theoryelective'),(42,'Can change theory elective',11,'change_theoryelective'),(43,'Can delete theory elective',11,'delete_theoryelective'),(44,'Can view theory elective',11,'view_theoryelective'),(45,'Can add teacher',12,'add_teacher'),(46,'Can change teacher',12,'change_teacher'),(47,'Can delete teacher',12,'delete_teacher'),(48,'Can view teacher',12,'view_teacher'),(49,'Can add subject assignment',13,'add_subjectassignment'),(50,'Can change subject assignment',13,'change_subjectassignment'),(51,'Can delete subject assignment',13,'delete_subjectassignment'),(52,'Can view subject assignment',13,'view_subjectassignment'),(53,'Can add student',14,'add_student'),(54,'Can change student',14,'change_student'),(55,'Can delete student',14,'delete_student'),(56,'Can view student',14,'view_student'),(57,'Can add lecture taken',15,'add_lecturetaken'),(58,'Can change lecture taken',15,'change_lecturetaken'),(59,'Can delete lecture taken',15,'delete_lecturetaken'),(60,'Can view lecture taken',15,'view_lecturetaken'),(61,'Can add attendance',16,'add_attendance'),(62,'Can change attendance',16,'change_attendance'),(63,'Can delete attendance',16,'delete_attendance'),(64,'Can view attendance',16,'view_attendance'),(65,'Can add users',17,'add_users'),(66,'Can change users',17,'change_users'),(67,'Can delete users',17,'delete_users'),(68,'Can view users',17,'view_users');
/*!40000 ALTER TABLE `auth_permission` ENABLE KEYS */;
UNLOCK TABLES;

--
-- Table structure for table `django_admin_log`
--

DROP TABLE IF EXISTS `django_admin_log`;
/*!40101 SET @saved_cs_client     = @@character_set_client */;
/*!50503 SET character_set_client = utf8mb4 */;
CREATE TABLE `django_admin_log` (
  `id` int NOT NULL AUTO_INCREMENT,
  `action_time` datetime(6) NOT NULL,
  `object_id` longtext,
  `object_repr` varchar(200) NOT NULL,
  `action_flag` smallint unsigned NOT NULL,
  `change_message` longtext NOT NULL,
  `content_type_id` int DEFAULT NULL,
  `user_id` bigint NOT NULL,
  PRIMARY KEY (`id`),
  KEY `django_admin_log_content_type_id_c4bce8eb_fk_django_co` (`content_type_id`),
  KEY `django_admin_log_user_id_c564eba6_fk_account_users_id` (`user_id`),
  CONSTRAINT `django_admin_log_content_type_id_c4bce8eb_fk_django_co` FOREIGN KEY (`content_type_id`) REFERENCES `django_content_type` (`id`),
  CONSTRAINT `django_admin_log_user_id_c564eba6_fk_account_users_id` FOREIGN KEY (`user_id`) REFERENCES `account_users` (`id`),
  CONSTRAINT `django_admin_log_chk_1` CHECK ((`action_flag` >= 0))
) ENGINE=InnoDB AUTO_INCREMENT=192 DEFAULT CHARSET=utf8mb4 COLLATE=utf8mb4_0900_ai_ci;
/*!40101 SET character_set_client = @saved_cs_client */;

--
-- Dumping data for table `django_admin_log`
--

LOCK TABLES `django_admin_log` WRITE;
/*!40000 ALTER TABLE `django_admin_log` DISABLE KEYS */;
INSERT INTO `django_admin_log` VALUES (1,'2023-09-13 05:19:06.082162','1','Computer Science & Engineering 2023-2024',1,'[{\"added\": {}}]',7,1),(2,'2023-09-13 05:19:25.517145','1','Sem 7 - Final Yr Computer Science & Engineering',1,'[{\"added\": {}}]',9,1),(3,'2023-09-13 05:19:34.597090','2','Sem 3 - SY Computer Science & Engineering',1,'[{\"added\": {}}]',9,1),(4,'2023-09-13 05:19:40.699791','3','Sem 5 - TY Computer Science & Engineering',1,'[{\"added\": {}}]',9,1),(5,'2023-09-13 05:19:44.702599','3','Sem 5 - TY Computer Science & Engineering',2,'[]',9,1),(6,'2023-09-13 05:19:47.543095','2','Sem 3 - SY Computer Science & Engineering',2,'[]',9,1),(7,'2023-09-13 05:20:14.842434','2','Electronics & Telecommunications Engineering 2023-2024',1,'[{\"added\": {}}]',7,1),(8,'2023-09-13 05:20:24.522847','4','Sem 3 - SY Electronics & Telecommunications Engineering',1,'[{\"added\": {}}]',9,1),(9,'2023-09-13 05:20:30.613728','5','Sem 5 - TY Electronics & Telecommunications Engineering',1,'[{\"added\": {}}]',9,1),(10,'2023-09-13 05:20:37.106270','6','Sem 7 - Final Yr Electronics & Telecommunications Engineering',1,'[{\"added\": {}}]',9,1),(11,'2023-09-13 05:22:07.871469','1','Sandeep Shah (13)',1,'[{\"added\": {}}]',12,1),(12,'2023-09-13 05:22:39.747629','2','sandeepshah@dietms.org',1,'[{\"added\": {}}]',17,1),(13,'2023-09-13 05:22:45.127742','2','sandeepshah@dietms.org',2,'[{\"changed\": {\"fields\": [\"User obj\", \"Is coordinator\"]}}]',17,1),(14,'2023-09-13 05:23:20.085890','2','sandeepshah@dietms.org',2,'[{\"changed\": {\"fields\": [\"Is staff\"]}}]',17,1),(15,'2023-09-13 05:53:55.652394','79','sadasdsad asdas (32423)',2,'[{\"changed\": {\"fields\": [\"Elective\"]}}]',14,1),(16,'2023-09-13 05:54:14.468162','80','dsfsd sdfsdf (3242343534)',2,'[{\"changed\": {\"fields\": [\"Batch\"]}}]',14,1),(17,'2023-09-13 06:04:02.505039','80','dsfsd sdfsdf (3242343534)',3,'',14,1),(18,'2023-09-13 06:04:02.507713','79','sadasdsad asdas (32423)',3,'',14,1),(19,'2023-09-13 10:33:43.540982','3','PROF.VITTAL BHOSLE (7576)',1,'[{\"added\": {}}]',12,1),(20,'2023-09-13 10:34:55.803251','4','vitthalbhosale@dietms.org',1,'[{\"added\": {}}]',17,1),(21,'2023-09-13 10:35:32.301108','4','vitthalbhosale@dietms.org',2,'[{\"changed\": {\"fields\": [\"User obj\", \"Is coordinator\"]}}]',17,1),(22,'2023-09-14 09:52:38.716989','5','Tejas Solanke (999)',3,'',12,1),(23,'2023-09-14 09:52:48.702258','6','ts.avs.aur@gmail.com',3,'',17,1),(24,'2023-09-14 10:34:32.601751','3','PROF.VITTAL BHOSLE (7576)',2,'[]',12,1),(25,'2023-09-14 10:38:31.233765','745','2023-09-08 - AFFAN HABIBUDDIN - Big Data Analytics',2,'[]',16,1),(26,'2023-09-14 10:38:39.058243','744','2023-09-08 - RUSHIKESH MALANI - Big Data Analytics',2,'[{\"changed\": {\"fields\": [\"Is present\"]}}]',16,1),(27,'2023-09-14 10:39:10.940565','3','PROF.VITTAL BHOSLE (7576)',2,'[]',12,1),(28,'2023-09-14 10:41:00.678064','6','Rushi Malani (2012)',1,'[{\"added\": {}}]',12,1),(29,'2023-09-14 10:41:58.882587','7','rushikeshmalani66@gmail.com',1,'[{\"added\": {}}]',17,1),(30,'2023-09-14 10:42:14.201927','7','rushikeshmalani66@gmail.com',2,'[{\"changed\": {\"fields\": [\"User obj\", \"Is coordinator\"]}}]',17,1),(31,'2023-09-15 10:28:40.051511','105','JUNIT SURANI (2121141242028)',2,'[]',14,1),(32,'2023-09-16 05:29:09.828459','763','2023-09-14 - FA NN - EMI',3,'',16,1),(33,'2023-09-16 08:18:47.672674','11','rushikeshmalani38@gmail.com',3,'',17,1),(34,'2023-09-16 08:20:08.208771','12','hodcse@dietms.org',2,'[{\"changed\": {\"fields\": [\"Is coordinator\"]}}]',17,1),(35,'2023-09-16 08:48:50.842668','108','YOGESH SHEWALKAR (2121141242031)',2,'[]',14,1),(36,'2023-09-16 09:03:23.388460','10','Virtual Reality Theory',2,'[{\"changed\": {\"fields\": [\"Subject type\"]}}]',10,1),(37,'2023-09-16 09:03:49.841588','10','Virtual Reality Elective',2,'[{\"changed\": {\"fields\": [\"Subject type\"]}}]',10,1),(38,'2023-09-16 09:04:26.420378','395','SARABJEET MANMAHINDER (2021141242097)',3,'',14,1),(39,'2023-09-16 09:04:26.422169','394','SAMIKSHA KUKADKAR (2021141242095)',3,'',14,1),(40,'2023-09-16 09:04:26.424687','393','SAKSHI KULKARNI (2021141242094)',3,'',14,1),(41,'2023-09-16 09:04:26.426408','392','SAKSHI KHAROLE (2021141242093)',3,'',14,1),(42,'2023-09-16 09:04:26.428149','391','SAKSHI SALVE (2021141242092)',3,'',14,1),(43,'2023-09-16 09:04:26.429128','390','SAINATH GORE (2021141242090)',3,'',14,1),(44,'2023-09-16 09:04:26.430237','389','RUTUMBHARA KALE (2021141242089)',3,'',14,1),(45,'2023-09-16 09:04:26.432286','388','RUTUJA PANDE (2021141242088)',3,'',14,1),(46,'2023-09-16 09:04:26.433135','387','RITESH GAWANDE (2021141242086)',3,'',14,1),(47,'2023-09-16 09:04:26.434178','386','RENUKA MAHAJAN (2021141242084)',3,'',14,1),(48,'2023-09-16 09:04:26.436293','385','RAHUL NARODE (2021141242081)',3,'',14,1),(49,'2023-09-16 09:04:26.437173','384','PRIYA BALGOTRA (2021141242079)',3,'',14,1),(50,'2023-09-16 09:04:26.438295','383','PRERNA BADWANE (2021141242077)',3,'',14,1),(51,'2023-09-16 09:04:26.440125','382','PRATIKSHA KULKARNI (2021141242076)',3,'',14,1),(52,'2023-09-16 09:04:26.441430','381','PRATHAMESH KULKARNI (2021141242075)',3,'',14,1),(53,'2023-09-16 09:04:26.442719','380','PRATHAMESH WADGAONKAR (2021141242074)',3,'',14,1),(54,'2023-09-16 09:04:26.444171','379','PRASAD SONAWANE (2021141242073)',3,'',14,1),(55,'2023-09-16 09:04:26.446249','378','PRAJWAL KHANDAGALE (2021141242072)',3,'',14,1),(56,'2023-09-16 09:04:26.447136','377','POORNIMA NALAWADE (2021141242071)',3,'',14,1),(57,'2023-09-16 09:04:26.448608','376','PIYUSH SATPUTE (2021141242070)',3,'',14,1),(58,'2023-09-16 09:04:26.450253','375','PANKAJ BHOSALE (2021141242068)',3,'',14,1),(59,'2023-09-16 09:04:26.451341','374','PALLAVI KANKUTE (2021141242067)',3,'',14,1),(60,'2023-09-16 09:04:26.453137','373','OMKAR JAYBHAYE (2021141242065)',3,'',14,1),(61,'2023-09-16 09:04:26.454524','372','OM PARSE (2021141242064)',3,'',14,1),(62,'2023-09-16 09:04:26.455245','371','OM JAISWAL (2021141242063)',3,'',14,1),(63,'2023-09-16 09:04:26.456598','370','NIKITA NAIK (2021141242062)',3,'',14,1),(64,'2023-09-16 09:04:26.458304','369','NIKITA MANKAPE (2021141242061)',3,'',14,1),(65,'2023-09-16 09:04:26.459193','368','MONIKA DESHPANDE (2021141242060)',3,'',14,1),(66,'2023-09-16 09:04:26.460497','367','MAYURI LONDHE (2021141242057)',3,'',14,1),(67,'2023-09-16 09:04:26.461767','366','MAYURI INGOLE (2021141242056)',3,'',14,1),(68,'2023-09-16 09:04:26.463483','365','KUDSIYA KALBURGI (2021141242054)',3,'',14,1),(69,'2023-09-16 09:04:26.464177','364','KRUSHNA LENDE (2021141242053)',3,'',14,1),(70,'2023-09-16 09:04:26.465208','363','KRUSHNA RAJALE (2021141242052)',3,'',14,1),(71,'2023-09-16 09:04:26.466838','362','KIRAN KAMBLE (2021141242051)',3,'',14,1),(72,'2023-09-16 09:04:26.468670','361','KALYANI SUPEKAR (2021141242050)',3,'',14,1),(73,'2023-09-16 09:04:26.469375','360','KAIWALYA JOSHI (2021141242049)',3,'',14,1),(74,'2023-09-16 09:04:26.470959','359','KABIRA BANSODE (2021141242048)',3,'',14,1),(75,'2023-09-16 09:04:26.472565','358','JAYESH MUTHA (2021141242047)',3,'',14,1),(76,'2023-09-16 09:04:26.473502','357','JAYESH INAMDAR (2021141242046)',3,'',14,1),(77,'2023-09-16 09:04:26.475568','356','ISHWAR NARWADE (2021141242045)',3,'',14,1),(78,'2023-09-16 09:04:26.476208','355','HUZAIF SHEIKH (2021141242043)',3,'',14,1),(79,'2023-09-16 09:04:26.478139','354','HARSH THAKUR (2021141242040)',3,'',14,1),(80,'2023-09-16 09:04:26.478139','353','GOVIND PANCHAL (2021141242039)',3,'',14,1),(81,'2023-09-16 09:04:26.480384','352','GAURAV PANDE (2021141242038)',3,'',14,1),(82,'2023-09-16 09:04:26.481592','351','GANESH KALE (2021141242037)',3,'',14,1),(83,'2023-09-16 09:04:26.483324','350','ESHA JOSHI (2021141242035)',3,'',14,1),(84,'2023-09-16 09:04:26.484178','349','DIVYANKA KHAIRNAR (2021141242034)',3,'',14,1),(85,'2023-09-16 09:04:26.485505','348','CHETASHREE JAGTAP (2021141242033)',3,'',14,1),(86,'2023-09-16 09:04:26.486780','347','BUSHRA SORATHIA (2021141242032)',3,'',14,1),(87,'2023-09-16 09:04:26.488289','346','BHAKTI NAVPUTE (2021141242031)',3,'',14,1),(88,'2023-09-16 09:04:26.490212','345','ATHARVA DESHMUKH (2021141242029)',3,'',14,1),(89,'2023-09-16 09:04:26.491180','344','ASHUTOSH RAUT (2021141242026)',3,'',14,1),(90,'2023-09-16 09:04:26.492314','343','APEKSHA GIRI (2021141242025)',3,'',14,1),(91,'2023-09-16 09:04:26.493651','342','ANURAG TAJNE (2021141242024)',3,'',14,1),(92,'2023-09-16 09:04:26.495133','341','ANSHUL SHENDE (2021141242023)',3,'',14,1),(93,'2023-09-16 09:04:26.496259','340','ANNE GAJBHIYE (2021141242022)',3,'',14,1),(94,'2023-09-16 09:04:26.497775','339','ANKITA NILEKAR (2021141242021)',3,'',14,1),(95,'2023-09-16 09:04:26.499350','338','ANJALI KALE (2021141242020)',3,'',14,1),(96,'2023-09-16 09:04:26.500587','337','AMRUTA KSHIRSAGAR (2021141242019)',3,'',14,1),(97,'2023-09-16 09:04:26.502285','336','AMIT BHUJANG (2021141242018)',3,'',14,1),(98,'2023-09-16 09:04:26.503159','335','AKSHAY SHAHANE (2021141242017)',3,'',14,1),(99,'2023-09-16 09:04:26.504630','334','AKANKSHA KHEDKAR (2021141242015)',3,'',14,1),(100,'2023-09-16 09:04:26.506592','333','AJISHA _ (2021141242014)',3,'',14,1),(101,'2023-09-16 09:04:26.507342','332','AJAY ZAGADE (2021141242013)',3,'',14,1),(102,'2023-09-16 09:04:26.509180','331','AJAY WAGH (2021141242012)',3,'',14,1),(103,'2023-09-16 09:04:26.510197','330','AJAY JADHAV (2021141242011)',3,'',14,1),(104,'2023-09-16 09:04:26.511509','329','ADITYA UMBARE (2021141242009)',3,'',14,1),(105,'2023-09-16 09:04:26.513441','328','ADITYA GAIKE (2021141242008)',3,'',14,1),(106,'2023-09-16 09:04:26.514189','327','ABHISHEK THOMBRE (2021141242007)',3,'',14,1),(107,'2023-09-16 09:04:26.515212','326','ABHISHEK JADHAV (2021141242006)',3,'',14,1),(108,'2023-09-16 09:04:26.516962','325','ABHISHEK LANDGE (2021141242005)',3,'',14,1),(109,'2023-09-16 09:04:26.518320','324','ABHISHEK CHAVAN (2021141242004)',3,'',14,1),(110,'2023-09-16 09:04:26.519539','323','ABHINAV YADAV (2021141242003)',3,'',14,1),(111,'2023-09-16 09:04:26.521670','322','AARTI GIRI (2021141242002)',3,'',14,1),(112,'2023-09-16 09:04:26.522597','321','MAHIN PATHAN (2021141242001)',3,'',14,1),(113,'2023-09-16 09:07:17.587231','470','SARABJEET MANMAHINDER (2021141242097)',3,'',14,1),(114,'2023-09-16 09:07:17.590508','469','SAMIKSHA KUKADKAR (2021141242095)',3,'',14,1),(115,'2023-09-16 09:07:17.592524','468','SAKSHI KULKARNI (2021141242094)',3,'',14,1),(116,'2023-09-16 09:07:17.594486','467','SAKSHI KHAROLE (2021141242093)',3,'',14,1),(117,'2023-09-16 09:07:17.595533','466','SAKSHI SALVE (2021141242092)',3,'',14,1),(118,'2023-09-16 09:07:17.597507','465','SAINATH GORE (2021141242090)',3,'',14,1),(119,'2023-09-16 09:07:17.598487','464','RUTUMBHARA KALE (2021141242089)',3,'',14,1),(120,'2023-09-16 09:07:17.600458','463','RUTUJA PANDE (2021141242088)',3,'',14,1),(121,'2023-09-16 09:07:17.601446','462','RITESH GAWANDE (2021141242086)',3,'',14,1),(122,'2023-09-16 09:07:17.603473','461','RENUKA MAHAJAN (2021141242084)',3,'',14,1),(123,'2023-09-16 09:07:17.604443','460','RAHUL NARODE (2021141242081)',3,'',14,1),(124,'2023-09-16 09:07:17.606452','459','PRIYA BALGOTRA (2021141242079)',3,'',14,1),(125,'2023-09-16 09:07:17.607446','458','PRERNA BADWANE (2021141242077)',3,'',14,1),(126,'2023-09-16 09:07:17.609476','457','PRATIKSHA KULKARNI (2021141242076)',3,'',14,1),(127,'2023-09-16 09:07:17.610484','456','PRATHAMESH KULKARNI (2021141242075)',3,'',14,1),(128,'2023-09-16 09:07:17.612553','455','PRATHAMESH WADGAONKAR (2021141242074)',3,'',14,1),(129,'2023-09-16 09:07:17.613656','454','PRASAD SONAWANE (2021141242073)',3,'',14,1),(130,'2023-09-16 09:07:17.614491','453','PRAJWAL KHANDAGALE (2021141242072)',3,'',14,1),(131,'2023-09-16 09:07:17.616451','452','POORNIMA NALAWADE (2021141242071)',3,'',14,1),(132,'2023-09-16 09:07:17.617573','451','PIYUSH SATPUTE (2021141242070)',3,'',14,1),(133,'2023-09-16 09:07:17.619453','450','PANKAJ BHOSALE (2021141242068)',3,'',14,1),(134,'2023-09-16 09:07:17.620458','449','PALLAVI KANKUTE (2021141242067)',3,'',14,1),(135,'2023-09-16 09:07:17.622458','448','OMKAR JAYBHAYE (2021141242065)',3,'',14,1),(136,'2023-09-16 09:07:17.623449','447','OM PARSE (2021141242064)',3,'',14,1),(137,'2023-09-16 09:07:17.625473','446','OM JAISWAL (2021141242063)',3,'',14,1),(138,'2023-09-16 09:07:17.626485','445','NIKITA NAIK (2021141242062)',3,'',14,1),(139,'2023-09-16 09:07:17.628464','444','NIKITA MANKAPE (2021141242061)',3,'',14,1),(140,'2023-09-16 09:07:17.629449','443','MONIKA DESHPANDE (2021141242060)',3,'',14,1),(141,'2023-09-16 09:07:17.631484','442','MAYURI LONDHE (2021141242057)',3,'',14,1),(142,'2023-09-16 09:07:17.632493','441','MAYURI INGOLE (2021141242056)',3,'',14,1),(143,'2023-09-16 09:07:17.633568','440','KUDSIYA KALBURGI (2021141242054)',3,'',14,1),(144,'2023-09-16 09:07:17.635485','439','KRUSHNA LENDE (2021141242053)',3,'',14,1),(145,'2023-09-16 09:07:17.636670','438','KRUSHNA RAJALE (2021141242052)',3,'',14,1),(146,'2023-09-16 09:07:17.638463','437','KIRAN KAMBLE (2021141242051)',3,'',14,1),(147,'2023-09-16 09:07:17.639444','436','KALYANI SUPEKAR (2021141242050)',3,'',14,1),(148,'2023-09-16 09:07:17.641492','435','KAIWALYA JOSHI (2021141242049)',3,'',14,1),(149,'2023-09-16 09:07:17.642601','434','KABIRA BANSODE (2021141242048)',3,'',14,1),(150,'2023-09-16 09:07:17.643677','433','JAYESH MUTHA (2021141242047)',3,'',14,1),(151,'2023-09-16 09:07:17.645464','432','JAYESH INAMDAR (2021141242046)',3,'',14,1),(152,'2023-09-16 09:07:17.646438','431','ISHWAR NARWADE (2021141242045)',3,'',14,1),(153,'2023-09-16 09:07:17.648494','430','HUZAIF SHEIKH (2021141242043)',3,'',14,1),(154,'2023-09-16 09:07:17.649551','429','HARSH THAKUR (2021141242040)',3,'',14,1),(155,'2023-09-16 09:07:17.650981','428','GOVIND PANCHAL (2021141242039)',3,'',14,1),(156,'2023-09-16 09:07:17.652477','427','GAURAV PANDE (2021141242038)',3,'',14,1),(157,'2023-09-16 09:07:17.653467','426','GANESH KALE (2021141242037)',3,'',14,1),(158,'2023-09-16 09:07:17.655444','425','ESHA JOSHI (2021141242035)',3,'',14,1),(159,'2023-09-16 09:07:17.656470','424','DIVYANKA KHAIRNAR (2021141242034)',3,'',14,1),(160,'2023-09-16 09:07:17.658487','423','CHETASHREE JAGTAP (2021141242033)',3,'',14,1),(161,'2023-09-16 09:07:17.659482','422','BUSHRA SORATHIA (2021141242032)',3,'',14,1),(162,'2023-09-16 09:07:17.661502','421','BHAKTI NAVPUTE (2021141242031)',3,'',14,1),(163,'2023-09-16 09:07:17.662478','420','ATHARVA DESHMUKH (2021141242029)',3,'',14,1),(164,'2023-09-16 09:07:17.664458','419','ASHUTOSH RAUT (2021141242026)',3,'',14,1),(165,'2023-09-16 09:07:17.665450','418','APEKSHA GIRI (2021141242025)',3,'',14,1),(166,'2023-09-16 09:07:17.666548','417','ANURAG TAJNE (2021141242024)',3,'',14,1),(167,'2023-09-16 09:07:17.668557','416','ANSHUL SHENDE (2021141242023)',3,'',14,1),(168,'2023-09-16 09:07:17.669634','415','ANNE GAJBHIYE (2021141242022)',3,'',14,1),(169,'2023-09-16 09:07:17.670759','414','ANKITA NILEKAR (2021141242021)',3,'',14,1),(170,'2023-09-16 09:07:17.673081','413','ANJALI KALE (2021141242020)',3,'',14,1),(171,'2023-09-16 09:07:17.674531','412','AMRUTA KSHIRSAGAR (2021141242019)',3,'',14,1),(172,'2023-09-16 09:07:17.675437','411','AMIT BHUJANG (2021141242018)',3,'',14,1),(173,'2023-09-16 09:07:17.677532','410','AKSHAY SHAHANE (2021141242017)',3,'',14,1),(174,'2023-09-16 09:07:17.678590','409','AKANKSHA KHEDKAR (2021141242015)',3,'',14,1),(175,'2023-09-16 09:07:17.680440','408','AJISHA _ (2021141242014)',3,'',14,1),(176,'2023-09-16 09:07:17.681562','407','AJAY ZAGADE (2021141242013)',3,'',14,1),(177,'2023-09-16 09:07:17.682713','406','AJAY WAGH (2021141242012)',3,'',14,1),(178,'2023-09-16 09:07:17.684643','405','AJAY JADHAV (2021141242011)',3,'',14,1),(179,'2023-09-16 09:07:17.685439','404','ADITYA UMBARE (2021141242009)',3,'',14,1),(180,'2023-09-16 09:07:17.688638','403','ADITYA GAIKE (2021141242008)',3,'',14,1),(181,'2023-09-16 09:07:17.690462','402','ABHISHEK THOMBRE (2021141242007)',3,'',14,1),(182,'2023-09-16 09:07:17.691513','401','ABHISHEK JADHAV (2021141242006)',3,'',14,1),(183,'2023-09-16 09:07:17.692598','400','ABHISHEK LANDGE (2021141242005)',3,'',14,1),(184,'2023-09-16 09:07:17.694466','399','ABHISHEK CHAVAN (2021141242004)',3,'',14,1),(185,'2023-09-16 09:07:17.695496','398','ABHINAV YADAV (2021141242003)',3,'',14,1),(186,'2023-09-16 09:07:17.696485','397','AARTI GIRI (2021141242002)',3,'',14,1),(187,'2023-09-16 09:07:17.698467','396','MAHIN PATHAN (2021141242001)',3,'',14,1),(188,'2023-09-16 09:29:34.058679','32','Teki Teki (6999)',1,'[{\"added\": {}}]',12,1),(189,'2023-09-16 09:29:56.946164','31','teki9ggxdgg@gmail.com',1,'[{\"added\": {}}]',17,1),(190,'2023-09-16 09:30:06.392451','31','teki9ggxdgg@gmail.com',2,'[{\"changed\": {\"fields\": [\"User obj\", \"Is coordinator\"]}}]',17,1),(191,'2023-09-17 22:48:50.748273','31','teki9ggxdgg@gmail.com',3,'',17,1);
/*!40000 ALTER TABLE `django_admin_log` ENABLE KEYS */;
UNLOCK TABLES;

--
-- Table structure for table `django_content_type`
--

DROP TABLE IF EXISTS `django_content_type`;
/*!40101 SET @saved_cs_client     = @@character_set_client */;
/*!50503 SET character_set_client = utf8mb4 */;
CREATE TABLE `django_content_type` (
  `id` int NOT NULL AUTO_INCREMENT,
  `app_label` varchar(100) NOT NULL,
  `model` varchar(100) NOT NULL,
  PRIMARY KEY (`id`),
  UNIQUE KEY `django_content_type_app_label_model_76bd3d3b_uniq` (`app_label`,`model`)
) ENGINE=InnoDB AUTO_INCREMENT=18 DEFAULT CHARSET=utf8mb4 COLLATE=utf8mb4_0900_ai_ci;
/*!40101 SET character_set_client = @saved_cs_client */;

--
-- Dumping data for table `django_content_type`
--

LOCK TABLES `django_content_type` WRITE;
/*!40000 ALTER TABLE `django_content_type` DISABLE KEYS */;
INSERT INTO `django_content_type` VALUES (17,'account','users'),(1,'admin','logentry'),(3,'auth','group'),(2,'auth','permission'),(4,'contenttypes','contenttype'),(16,'masters','attendance'),(6,'masters','class'),(7,'masters','department'),(15,'masters','lecturetaken'),(8,'masters','practicalbatch'),(9,'masters','semester'),(14,'masters','student'),(10,'masters','subject'),(13,'masters','subjectassignment'),(12,'masters','teacher'),(11,'masters','theoryelective'),(5,'sessions','session');
/*!40000 ALTER TABLE `django_content_type` ENABLE KEYS */;
UNLOCK TABLES;

--
-- Table structure for table `django_migrations`
--

DROP TABLE IF EXISTS `django_migrations`;
/*!40101 SET @saved_cs_client     = @@character_set_client */;
/*!50503 SET character_set_client = utf8mb4 */;
CREATE TABLE `django_migrations` (
  `id` bigint NOT NULL AUTO_INCREMENT,
  `app` varchar(255) NOT NULL,
  `name` varchar(255) NOT NULL,
  `applied` datetime(6) NOT NULL,
  PRIMARY KEY (`id`)
) ENGINE=InnoDB AUTO_INCREMENT=21 DEFAULT CHARSET=utf8mb4 COLLATE=utf8mb4_0900_ai_ci;
/*!40101 SET character_set_client = @saved_cs_client */;

--
-- Dumping data for table `django_migrations`
--

LOCK TABLES `django_migrations` WRITE;
/*!40000 ALTER TABLE `django_migrations` DISABLE KEYS */;
INSERT INTO `django_migrations` VALUES (1,'masters','0001_initial','2023-09-13 05:13:59.183672'),(2,'contenttypes','0001_initial','2023-09-13 05:13:59.257048'),(3,'contenttypes','0002_remove_content_type_name','2023-09-13 05:13:59.312600'),(4,'auth','0001_initial','2023-09-13 05:13:59.566359'),(5,'auth','0002_alter_permission_name_max_length','2023-09-13 05:13:59.608653'),(6,'auth','0003_alter_user_email_max_length','2023-09-13 05:13:59.620648'),(7,'auth','0004_alter_user_username_opts','2023-09-13 05:13:59.630000'),(8,'auth','0005_alter_user_last_login_null','2023-09-13 05:13:59.639580'),(9,'auth','0006_require_contenttypes_0002','2023-09-13 05:13:59.643997'),(10,'auth','0007_alter_validators_add_error_messages','2023-09-13 05:13:59.656624'),(11,'auth','0008_alter_user_username_max_length','2023-09-13 05:13:59.666101'),(12,'auth','0009_alter_user_last_name_max_length','2023-09-13 05:13:59.674932'),(13,'auth','0010_alter_group_name_max_length','2023-09-13 05:13:59.702914'),(14,'auth','0011_update_proxy_permissions','2023-09-13 05:13:59.728184'),(15,'auth','0012_alter_user_first_name_max_length','2023-09-13 05:13:59.737421'),(16,'account','0001_initial','2023-09-13 05:14:00.046725'),(17,'admin','0001_initial','2023-09-13 05:14:00.159897'),(18,'admin','0002_logentry_remove_auto_add','2023-09-13 05:14:00.174115'),(19,'admin','0003_logentry_add_action_flag_choices','2023-09-13 05:14:00.188638'),(20,'sessions','0001_initial','2023-09-13 05:14:00.223069');
/*!40000 ALTER TABLE `django_migrations` ENABLE KEYS */;
UNLOCK TABLES;

--
-- Table structure for table `django_session`
--

DROP TABLE IF EXISTS `django_session`;
/*!40101 SET @saved_cs_client     = @@character_set_client */;
/*!50503 SET character_set_client = utf8mb4 */;
CREATE TABLE `django_session` (
  `session_key` varchar(40) NOT NULL,
  `session_data` longtext NOT NULL,
  `expire_date` datetime(6) NOT NULL,
  PRIMARY KEY (`session_key`),
  KEY `django_session_expire_date_a5c62663` (`expire_date`)
) ENGINE=InnoDB DEFAULT CHARSET=utf8mb4 COLLATE=utf8mb4_0900_ai_ci;
/*!40101 SET character_set_client = @saved_cs_client */;

--
-- Dumping data for table `django_session`
--

LOCK TABLES `django_session` WRITE;
/*!40000 ALTER TABLE `django_session` DISABLE KEYS */;
INSERT INTO `django_session` VALUES ('11lgj7kxr6m5b8kbm2oblrbcfo7cty76','.eJxVjDkOwjAUBe_iGll4kR1T0nMG62_GAeRIcVJF3B0ipYD2zczbVIZ1qXntMueR1UUZp06_IwI9pe2EH9Duk6apLfOIelf0Qbu-TSyv6-H-HVTo9VvbaHAwUGxxLvooiaxnx-chCJJjIWMhgSSIwaYSoy-Bkk0MhISGUL0_ECw4-g:1qmWdz:dzKIInMt3OgSNynFby4DkdfTgCehv2CIk2os2NmwMKI','2023-10-14 09:52:15.021796'),('1i583bvtygijnlyloc8jpvotuk2kzim9','.eJxVjDsOwjAQBe_iGlleJ_5R0nMGa3dtcADZUpxUiLuTSCmgnZn33iLiupS49jzHKYmzGMTplxHyM9ddpAfWe5Pc6jJPJPdEHrbLa0v5dTnav4OCvWzrjBYH8mwzMLB2zngYtWVwKZAxSTtrbdA8-gQcPLGirDYAoOg2qCA-X9t8N0I:1qiry6:DuHI_grMuKFbYw59UqHGGTvgpUwqnCD2qQgNqvYi0GQ','2023-10-04 07:49:54.055153'),('37g1f899wk8u5h1mordrutehkj1equv2','.eJxVjDsOwjAQBe_iGlm7Nv5R0ucM1sZe4wBypDipEHeHSCmgfTPzXiLStta4dV7ilMVFKBSn33Gk9OC2k3yndptlmtu6TKPcFXnQLoc58_N6uH8HlXr91sFqAEgags6pUPEuEzBoTKyRjYLildXOBEZ0iQ0z2rMN1mLxBgDF-wPv0zcK:1ql6dh:YOvH2SnAJ3PrXgG93jZb75XpBdgcwOA4EYB4UyukPJE','2023-10-10 11:54:05.741660'),('4ei7ttdhwuc7cj9t2sdetr24bu6bnzod','.eJxVjzsOgzAQRO_iOlhrrwGbMn3OYK1_gSQCCUyFuHtsiSLpRvPejrQHs7Tn0e5bXO0U2MBkz26_pSP_jnMl4UXzc-F-mfM6OV4VftGNP5YQP_fL_RsYaRvrtYvgjdRaqw4M-i4oAApROAzgkm7J69JSiiH1WqZCjEAsEijvSJXRT_R5X6MNlIkNBxNlFrEAWYLAQbQlY_0BJDZgGqHZeX4B0WRFpw:1qi6yR:eik-Fs1nDJQ6BDKqnFOF5GYuaxZa2xLY-N64VpbrOQg','2023-10-02 05:39:07.720357'),('4rgsgba5agr0qp72ayem7h88mib76y92','.eJxVjj0OgzAMhe-SuaD8UEgYu_cMkR07hRaBBGFC3L2JxNAOluz3nj_7EB72NPh949WPJHqhtLj9igjhw3Nx6A3za6nDMqd1xLpE6svd6udCPD2u7B9ggG3I29qGVrpcTXQAxASmsRAJMUriKCFabIgMdYgOpCVSMnKeOmwxOJehE4e0r-wJEoj-ECpjuzYbuvx9743MvSm3pDaVdJVW4jy_YVFHYg:1qjFf0:6NKCardqhIeJS6JR4SiFxCy1MaSFYhu-0Plw7WFSxgA','2023-10-05 09:07:46.521984'),('7oldovi869sru9kk624lxyfllaw7cofv','.eJxVjEEOwiAQRe_C2hCgw7R16d4zNDMMSNVAUtqV8e7apAvd_vfef6mJtjVPW4vLNIs6K1Cn340pPGLZgdyp3KoOtazLzHpX9EGbvlaJz8vh_h1kavlbJ6JkfS9ePI4cQIyQReLQpQ4N2gDs2YFlhyDAAxgzmDg6azBI6qN6fwD9oDgX:1qgNI6:7NC7w1tTKNCY_FndiH1Ql-8EyUt70aByqzweGl0_p28','2023-09-27 10:40:14.126371'),('8n57d5jtdnjmqn39gcl30b1j4hxfojl4','.eJxVjEEOwiAQRe_C2hDAwoBL956BzDAgVUOT0q6MdzckXej2v_f-W0Tctxr3ntc4s7gILU6_G2F65jYAP7DdF5mWtq0zyaHIg3Z5Wzi_rof7d1Cx11Enaxgc64SToWA8qMAhlYmt8godcbABkgdE0A4BqGQHIdPZUFEGxOcL7GI4Fw:1qgiye:42c24Dt4xcomSOu7wslXQRMby1yf8BnNAlj3JzQ-TiQ','2023-09-28 09:49:36.510355'),('b5xbknomq034pt0b9url3fsc180dv0nn','.eJxVjDsOwjAQBe_iGln-bGxCSc8Zol3vGgeQLeVTIe5OIqWA9s3Me6sB16UM6yzTMLK6KBvU6XckTE-pO-EH1nvTqdVlGknvij7orG-N5XU93L-DgnPZaofso5AhIeEOATJY16MDND4DQwCbUnCdAZNiEs-RwjkH6_stycTq8wUgyTis:1qm8zT:2WNZj79GASuEdegu0lY_JOYKJ6x8ro9jNa618LTvGNM','2023-10-13 08:36:51.858454'),('b8plp6ani25114dv3qrq0a557p5nh44v','.eJxVjDsOwyAQBe9CHSHAfEzK9D4D2mUhOIlAMnYV5e6xJRdJOzPvvVmAbS1h62kJM7ErU4pdfiFCfKZ6GHpAvTceW12XGfmR8NN2PjVKr9vZ_h0U6GVf5yhU1AmicR7TACi9kMa6QWdDzpgR404HMxLZDDI7JXNGLbx10ipC9vkCGvQ4ZA:1qk0aK:klCrk1dQwTUQFRQx0UWQ1gVCwJrB0_DjUlH9RmE6atY','2023-10-07 11:14:04.626581'),('cfpef43tn0rp2r6ebzzyynf66uo7x23u','.eJxVj0EOgyAQRe_CuhoYQNRl9z0DGZih2jaaKK6Mdy8mLtrdz7z_XzK78LjlwW8rL34k0QsQt99bwPjm6QT0wuk513Ge8jKG-qzUF13rx0z8uV_dP8GA61DWWqLhBixqy0E6F6ALTUoGOscGqNXR2DZBUilagkRNpOgUuRCg4c61RfrhmLeFPWFG0e9CFa05AZSgZK9syfp8QYKuZFepVhzHF4uORWc:1qi0jH:uHisEMNqvhRg2CXrVDLaMSUwSgAWszEAnPLjyHnFN0k','2023-10-01 22:59:03.105431'),('d7rjyve3b9fslacqadymk7wofc3f8b5n','.eJxVjMsOwiAQRf-FtSHA8GhduvcbyDBMpWogKe3K-O_apAvd3nPOfYmI21ri1nmJcxZn4cTpd0tID647yHestyap1XWZk9wVedAury3z83K4fwcFe_nWmqbJI7MBDOQ1jUNiSOysMhosAHilXAgWNeRkDAUawwDEWlsP1jjx_gDkWTcA:1qgNgm:_eFQkyFXvS96Z7DX3dGg9_Bn6MeI0016DVIqo6Emejc','2023-09-27 11:05:44.039459'),('hshvxj0tnd4gffz542fipjptpc1o3aob','.eJxVjDsOwjAQBe_iGlnJxl9Kes5geb1rHEC2FCcV4u4QKQW0b2beS4S4rSVsnZcwkzgLEKffDWN6cN0B3WO9NZlaXZcZ5a7Ig3Z5bcTPy-H-HZTYy7eehqjYgI6TZhysRfBoclbgLSsgNyWlXYY85qQJMplEyY5kEcGwt068P-P5OEQ:1ql2Gw:bkAFCLeaXbXL3lYu0HZCtdPW6E2ddJA5dR1ByxB82M0','2023-10-10 07:14:18.304092'),('iz5vnoxev8d9tw4eki8s7p6x6jzi1nri','.eJxVjEEOwiAQRe_C2hBGKBSX7nsGMgyDVA0kpV0Z765NutDtf-_9lwi4rSVsnZcwJ3ERMIjT7xiRHlx3ku5Yb01Sq-syR7kr8qBdTi3x83q4fwcFe_nW5wG0I_ZeK5-jdWyBldHkMbnRQCYki2hcRiLNADmbTETKjAApkRPvDw-zOPI:1qjEfG:8Uwtnetbam3RzSh7Bu1Xrh0iXFEhZfyuns7r9_OwrYs','2023-10-05 08:03:58.712628'),('k8rf104t78lbv3ajm0edt71fp10euzfn','.eJxVjDsOgzAQRO_iOlheG_8o0-cM1nrtBBIEEpgKcfcYiSKpdvRm9u0s4Fb6sK15CUNiHVPs9ssi0idPZ5HeOL1mTvNUliHyc8KvduWPOeXxfm3_BD2uff3OaFBFRyYDAUlrtYNWGgKbfNQ6SWuM8ZJal4C8iyRiFhUAiPhUwlfpmKlsSw4JC7JuZ1C1ULk8r-hA16xqlkKqRvgGHDuOLwYsRCo:1qi83p:JF9kq2pnLHzBT5I_CxKNvgAM9yDA_IcT31EAJc0e9Gk','2023-10-02 06:48:45.883688'),('kypp7hl19ob8kgmhcjgp7fqc2kjm9ns5','.eJxVjMEOwiAQRP-FsyGsLEg9evcbmoVdpWogKe3J-O_SpAe9Tea9mbcaaV3yuDaZx4nVWVmjDr9lpPSUshF-ULlXnWpZ5inqTdE7bfpaWV6X3f07yNRyXydLLNEgkfEifEMme3I0eDQ2BGLA6AKYnmQglBQQuAt4BAbw7NTnCytGOE4:1qm7VE:lfTTShGggv5z8wZnktz9LRhuZ1tVMwGSCx4rchx1Ios','2023-10-13 07:01:32.858284'),('m0qrn2piheu1o5rvdhwsogs5a01o5son','.eJxVjDsOwjAQBe_iGlnJxl9Kes5geb1rHEC2FCcV4u4QKQW0b2beS4S4rSVsnZcwkzgLEKffDWN6cN0B3WO9NZlaXZcZ5a7Ig3Z5bcTPy-H-HZTYy7eehqjYgI6TZhysRfBoclbgLSsgNyWlXYY85qQJMplEyY5kEcGwt068P-P5OEQ:1qh6eW:hC1jzlFLThQ1Epvg4s_VTy5qu4oyYibTLKdxOKXIOaQ','2023-09-29 11:06:24.543231'),('nl50o27jfhxeer72gzpju8gjo3khbtp2','.eJxVjDsOwjAQBe_iGlnJxl9Kes5geb1rHEC2FCcV4u4QKQW0b2beS4S4rSVsnZcwkzgLEKffDWN6cN0B3WO9NZlaXZcZ5a7Ig3Z5bcTPy-H-HZTYy7eehqjYgI6TZhysRfBoclbgLSsgNyWlXYY85qQJMplEyY5kEcGwt068P-P5OEQ:1qmVwB:YJmF-r4JqSBdfsbd0detPfMELVDG2JhZNTfAEPeyfjs','2023-10-14 09:06:59.581587'),('o1llwag9m8185v7bald7gllf8ilwpu6c','.eJxVjEEOwiAQRe_C2hCGQpm6dO8ZCDCDVA0kpV0Z765NutDtf-_9l_BhW4vfOi9-JnEWoMXpd4whPbjuhO6h3ppMra7LHOWuyIN2eW3Ez8vh_h2U0Mu31hiGke0ErKLhNBkwVgEnRoUGdEYaARk5JnZDso5Ikc4mYwSwYXDi_QH9FzgG:1qissX:iwV98CBsHVmaCVfBp4mfZnEc1A8Rs0pHbY6kzyCRYAs','2023-10-04 08:48:13.496826'),('ptq3d6dwacwj2tytuw0gzvp6gvudj2f8','.eJxVjDsOwjAQBe_iGllZs7bXlPQ5g7X-4QBypDipEHeHSCmgfTPzXsLztla_9bz4KYmLABSn3zFwfOS2k3TndptlnNu6TEHuijxol-Oc8vN6uH8HlXv91gNBJJUdW1UMagfBqGCoJOMQgRPxWROgZUvJAA6oALBAVDoQZgfi_QHfqDa9:1qhS2i:pbYE18v1F5VmMsej6c3bJeQcGusLKxAKuAyoClhBxR4','2023-09-30 09:56:48.756115'),('rsrwqxkkwrpj1ar8d7tspoj8zcpp7zpw','eyJvdHAiOiI4NjA0NTYiLCJ1c2VyX2lkIjoxfQ:1qkhyP:Jp-SmLaB5dUIJuBKG5GGOf_0peeZA-f450ctBXcf4ks','2023-10-09 09:33:49.619206'),('rvzc3m0ykhd0u76k8p7zh3120ck6zm5m','.eJxVjDsOwjAQBe_iGlnJxl9Kes5geb1rHEC2FCcV4u4QKQW0b2beS4S4rSVsnZcwkzgLEKffDWN6cN0B3WO9NZlaXZcZ5a7Ig3Z5bcTPy-H-HZTYy7eehqjYgI6TZhysRfBoclbgLSsgNyWlXYY85qQJMplEyY5kEcGwt068P-P5OEQ:1qjGJo:fjYzNPzH2-zfWUIvw5wRUXbiCRyoat81eqh1nq81KHk','2023-10-05 09:49:56.454670'),('sagbthf4lwkva046ooidq8xgqyvrio3b','.eJxVjEEOwiAQRe_C2hDAwoBL956BzDAgVUOT0q6MdzckXej2v_f-W0Tctxr3ntc4s7gILU6_G2F65jYAP7DdF5mWtq0zyaHIg3Z5Wzi_rof7d1Cx11Enaxgc64SToWA8qMAhlYmt8godcbABkgdE0A4BqGQHIdPZUFEGxOcL7GI4Fw:1qi0Z4:meyA9ycXgbVxbhQ3rYjL97C7wVqmJGqFGtNdUJ-rXDM','2023-10-01 22:48:30.139280'),('svg5oixqa015c72cuarb3gl3n7oys273','.eJxVjDsOwjAQBe_iGlnJxl9Kes5geb1rHEC2FCcV4u4QKQW0b2beS4S4rSVsnZcwkzgLEKffDWN6cN0B3WO9NZlaXZcZ5a7Ig3Z5bcTPy-H-HZTYy7eehqjYgI6TZhysRfBoclbgLSsgNyWlXYY85qQJMplEyY5kEcGwt068P-P5OEQ:1qh5x4:et522V_STe9gBQJe5ohrzGQ7B4b4HcIl54tFx1w1aeI','2023-09-29 10:21:30.603540'),('wcmxskah2ln881nmklk3frwo0zvslbi6','.eJxVjEEOwiAQRe_C2hDAwoBL956BzDAgVUOT0q6MdzckXej2v_f-W0Tctxr3ntc4s7gILU6_G2F65jYAP7DdF5mWtq0zyaHIg3Z5Wzi_rof7d1Cx11Enaxgc64SToWA8qMAhlYmt8godcbABkgdE0A4BqGQHIdPZUFEGxOcL7GI4Fw:1qhNnU:6Qpz0DK5kJunRlssllt4sqRERmIQepJcGOUJ0fVV1n0','2023-09-30 05:24:48.385887'),('xckrdz8kci73ce1l5jfuyrocoykussoc','.eJxVjEEOwiAQRe_C2hDAwoBL956BzDAgVUOT0q6MdzckXej2v_f-W0Tctxr3ntc4s7gILU6_G2F65jYAP7DdF5mWtq0zyaHIg3Z5Wzi_rof7d1Cx11Enaxgc64SToWA8qMAhlYmt8godcbABkgdE0A4BqGQHIdPZUFEGxOcL7GI4Fw:1ql2OW:Yro_F7bsZfTFLOTdZmae0FsUZfe8Q58ao4per-sGVSY','2023-10-10 07:22:08.134229'),('xrd9zpt3smlt1cdv3d5ym12rxc8f0ii2','.eJxVjDsOgzAQRO_iOlheG_8o0-cM1nrtBBIEEpgKcfcYiSKpdvRm9u0s4Fb6sK15CUNiHVPs9ssi0idPZ5HeOL1mTvNUliHyc8KvduWPOeXxfm3_BD2uff3OaFBFRyYDAUlrtYNWGgKbfNQ6SWuM8ZJal4C8iyRiFhUAiPhUwlfpmKlsSw4JC7JuZ1C1ULk8r-hA16xqlkKqRvimguP4AgYgRCc:1qh2cR:qh3E0zon4Fvmano-Ch-WDtKYzcLEN0u922MZwbC_g1U','2023-09-29 06:47:59.986976'),('xrw0gankewqfnpg9ut761l9cy6r2u3im','.eJxVjEEOwiAQRe_C2pBCh1JcuvcMZIaZStVAUtqV8e7apAvd_vfef6mI25rj1mSJM6uz6o06_Y6E6SFlJ3zHcqs61bIuM-ld0Qdt-lpZnpfD_TvI2PK3FgEvg2dv3QgQgIIh6saB7eBCAEk8dWTAjoDQSe8nAo8O0ZjJ9QlEvT_5ETfd:1qhRd4:p6fR73qP3p6057mLH6u8-BExN83QvHdtVZ39wJJnaW0','2023-09-30 09:30:18.963620'),('xt8zos3y2p15ogksj57pxs4mkjfczx1y','.eJxVjLEOwyAQQ_-FuUIkQQl07N5vQHfcXUlbgRSSKeq_l0gZ2sGD_WzvKsC2prBVXsJM6qq6Xl1-Q4T44nwQekJ-FB1LXpcZ9VHRJ636Xojft7P7d5CgprbuXRyNb7LiAYgJButACFEMsRgQh5ZooAnRg3FEnRFubsIRo_fq8wVL4jpC:1qmUjN:XKqXah7bGQhrTf0GxpDCy3ws9k0rMYW6aBZUg21Pxpk','2023-10-14 07:49:41.924823'),('z0wcwhi809toffkedceunj1ffi084zia','eyJvdHAiOiIyMzMxNjciLCJ1c2VyX2lkIjoxOH0:1qkiCX:7Pg02ZYiOeoxvIOQyzPUW8VFJOSIf_fTRQnfRBQ6d0M','2023-10-09 09:48:25.952260');
/*!40000 ALTER TABLE `django_session` ENABLE KEYS */;
UNLOCK TABLES;

--
-- Table structure for table `masters_attendance`
--

DROP TABLE IF EXISTS `masters_attendance`;
/*!40101 SET @saved_cs_client     = @@character_set_client */;
/*!50503 SET character_set_client = utf8mb4 */;
CREATE TABLE `masters_attendance` (
  `id` bigint NOT NULL AUTO_INCREMENT,
  `is_present` tinyint(1) NOT NULL,
  `remark` varchar(200) DEFAULT NULL,
  `student_id` bigint DEFAULT NULL,
  `subject_id` bigint DEFAULT NULL,
  PRIMARY KEY (`id`),
  KEY `masters_attendance_student_id_827984bc_fk_masters_student_id` (`student_id`),
  KEY `masters_attendance_subject_id_1644a856_fk_masters_l` (`subject_id`),
  CONSTRAINT `masters_attendance_student_id_827984bc_fk_masters_student_id` FOREIGN KEY (`student_id`) REFERENCES `masters_student` (`id`),
  CONSTRAINT `masters_attendance_subject_id_1644a856_fk_masters_l` FOREIGN KEY (`subject_id`) REFERENCES `masters_lecturetaken` (`id`)
) ENGINE=InnoDB AUTO_INCREMENT=5340 DEFAULT CHARSET=utf8mb4 COLLATE=utf8mb4_0900_ai_ci;
/*!40101 SET character_set_client = @saved_cs_client */;

--
-- Dumping data for table `masters_attendance`
--

LOCK TABLES `masters_attendance` WRITE;
/*!40000 ALTER TABLE `masters_attendance` DISABLE KEYS */;
INSERT INTO `masters_attendance` VALUES (228,0,'',42,8),(229,0,'',43,8),(230,1,'',44,8),(231,0,'',45,8),(232,1,'',46,8),(233,1,'',47,8),(234,1,'',48,8),(235,1,'',49,8),(236,1,'',50,8),(237,0,'',51,8),(238,1,'',52,8),(239,1,'',53,8),(240,1,'',54,8),(241,0,'',55,8),(242,1,'',56,8),(243,1,'',57,8),(244,1,'',58,8),(245,1,'',59,8),(246,1,'',60,8),(247,1,'',61,8),(248,1,'',62,8),(249,1,'',63,8),(250,0,'',64,8),(251,1,'',65,8),(252,1,'',66,8),(253,1,'',67,8),(254,1,'',68,8),(255,1,'',69,8),(256,1,'',70,8),(257,1,'',71,8),(258,1,'',72,8),(259,1,'',73,8),(260,1,'',74,8),(261,1,'',75,8),(262,1,'',76,8),(263,1,'',77,8),(264,1,'',78,8),(265,0,'',42,9),(266,0,'',43,9),(267,1,'',44,9),(268,0,'',45,9),(269,1,'',46,9),(270,1,'',47,9),(271,1,'',48,9),(272,1,'',49,9),(273,0,'',50,9),(274,0,'',51,9),(275,1,'',52,9),(276,1,'',53,9),(277,1,'',54,9),(278,1,'',55,9),(279,1,'',56,9),(280,1,'',57,9),(281,1,'',58,9),(282,0,'',59,9),(283,1,'',60,9),(284,1,'',61,9),(285,1,'',62,9),(286,1,'',63,9),(287,0,'',64,9),(288,1,'',65,9),(289,1,'',66,9),(290,1,'',67,9),(291,1,'',68,9),(292,1,'',69,9),(293,0,'',70,9),(294,1,'',71,9),(295,1,'',72,9),(296,0,'',73,9),(297,1,'',74,9),(298,1,'',75,9),(299,1,'',76,9),(300,1,'',77,9),(301,1,'',78,9),(302,0,'',42,10),(303,1,'',43,10),(304,1,'',44,10),(305,0,'',45,10),(306,0,'',46,10),(307,1,'',47,10),(308,1,'',48,10),(309,0,'',49,10),(310,0,'',50,10),(311,0,'',51,10),(312,1,'',52,10),(313,0,'',53,10),(314,1,'',54,10),(315,1,'',55,10),(316,1,'',56,10),(317,1,'',57,10),(318,0,'',58,10),(319,1,'',59,10),(320,0,'',60,10),(321,1,'',61,10),(322,1,'',62,10),(323,1,'',63,10),(324,1,'',64,10),(325,1,'',65,10),(326,0,'',66,10),(327,1,'',67,10),(328,0,'',68,10),(329,1,'',69,10),(330,0,'',70,10),(331,1,'',71,10),(332,1,'',72,10),(333,1,'',73,10),(334,1,'',74,10),(335,1,'',75,10),(336,1,'',76,10),(337,0,'',77,10),(338,0,'',78,10),(339,0,'',42,11),(340,1,'',43,11),(341,0,'',44,11),(342,0,'',45,11),(343,0,'',46,11),(344,1,'',47,11),(345,1,'',48,11),(346,0,'',49,11),(347,1,'',50,11),(348,0,'',51,11),(349,0,'',52,11),(350,1,'',53,11),(351,1,'',54,11),(352,0,'',55,11),(353,0,'',56,11),(354,1,'',57,11),(355,1,'',58,11),(356,1,'',59,11),(357,1,'',60,11),(358,1,'',61,11),(359,1,'',62,11),(360,1,'',63,11),(361,1,'',64,11),(362,1,'',65,11),(363,0,'',66,11),(364,1,'',67,11),(365,0,'',68,11),(366,1,'',69,11),(367,1,'',70,11),(368,1,'',71,11),(369,1,'',72,11),(370,1,'',73,11),(371,1,'',74,11),(372,1,'',75,11),(373,1,'',76,11),(374,1,'',77,11),(375,1,'',78,11),(376,0,'',42,12),(377,1,'',43,12),(378,1,'',44,12),(379,0,'',45,12),(380,0,'',46,12),(381,1,'',47,12),(382,1,'',48,12),(383,1,'',49,12),(384,0,'',50,12),(385,0,'',51,12),(386,1,'',52,12),(387,1,'',53,12),(388,0,'',54,12),(389,1,'',55,12),(390,1,'',56,12),(391,0,'',57,12),(392,0,'',58,12),(393,1,'',59,12),(394,1,'',60,12),(395,1,'',61,12),(396,1,'',62,12),(397,1,'',63,12),(398,1,'',64,12),(399,1,'',65,12),(400,1,'',66,12),(401,1,'',67,12),(402,0,'',68,12),(403,1,'',69,12),(404,1,'',70,12),(405,1,'',71,12),(406,1,'',72,12),(407,0,'',73,12),(408,1,'',74,12),(409,1,'',75,12),(410,1,'',76,12),(411,1,'',77,12),(412,1,'',78,12),(413,0,'',42,13),(414,1,'',43,13),(415,1,'',44,13),(416,0,'',45,13),(417,0,'',46,13),(418,0,'',47,13),(419,1,'',48,13),(420,1,'',49,13),(421,1,'',50,13),(422,0,'',51,13),(423,0,'',52,13),(424,1,'',53,13),(425,1,'',54,13),(426,1,'',55,13),(427,1,'',56,13),(428,1,'',57,13),(429,1,'',58,13),(430,1,'',59,13),(431,1,'',60,13),(432,1,'',61,13),(433,1,'',62,13),(434,1,'',63,13),(435,1,'',64,13),(436,0,'',65,13),(437,1,'',66,13),(438,1,'',67,13),(439,1,'',68,13),(440,0,'',69,13),(441,1,'',70,13),(442,1,'',71,13),(443,1,'',72,13),(444,1,'',73,13),(445,1,'',74,13),(446,1,'',75,13),(447,1,'',76,13),(448,1,'',77,13),(449,1,'',78,13),(450,0,'',42,14),(451,0,'',43,14),(452,1,'',44,14),(453,0,'',45,14),(454,0,'',46,14),(455,0,'',47,14),(456,1,'',48,14),(457,1,'',49,14),(458,0,'',50,14),(459,0,'',51,14),(460,0,'',52,14),(461,1,'',53,14),(462,1,'',54,14),(463,0,'',55,14),(464,1,'',56,14),(465,1,'',57,14),(466,1,'',58,14),(467,1,'',59,14),(468,1,'',60,14),(469,1,'',61,14),(470,1,'',62,14),(471,1,'',63,14),(472,1,'',64,14),(473,0,'',65,14),(474,1,'',66,14),(475,0,'',67,14),(476,1,'',68,14),(477,0,'',69,14),(478,1,'',70,14),(479,1,'',71,14),(480,0,'',72,14),(481,1,'',73,14),(482,1,'',74,14),(483,1,'',75,14),(484,1,'',76,14),(485,1,'',77,14),(486,1,'',78,14),(487,0,'',42,15),(488,0,'',43,15),(489,1,'',44,15),(490,0,'',45,15),(491,0,'',46,15),(492,0,'',47,15),(493,1,'',48,15),(494,1,'',49,15),(495,0,'',50,15),(496,0,'',51,15),(497,0,'',52,15),(498,0,'',53,15),(499,1,'',54,15),(500,1,'',55,15),(501,1,'',56,15),(502,1,'',57,15),(503,1,'',58,15),(504,1,'',59,15),(505,0,'',60,15),(506,1,'',61,15),(507,1,'',62,15),(508,1,'',63,15),(509,1,'',64,15),(510,1,'',65,15),(511,1,'',66,15),(512,1,'',67,15),(513,1,'',68,15),(514,1,'',69,15),(515,1,'',70,15),(516,1,'',71,15),(517,1,'',72,15),(518,1,'',73,15),(519,1,'',74,15),(520,1,'',75,15),(521,1,'',76,15),(522,1,'',77,15),(523,1,'',78,15),(524,0,'',42,16),(525,0,'',43,16),(526,1,'',44,16),(527,0,'',45,16),(528,0,'',46,16),(529,1,'',47,16),(530,1,'',48,16),(531,1,'',49,16),(532,0,'',50,16),(533,0,'',51,16),(534,0,'',52,16),(535,1,'',53,16),(536,1,'',54,16),(537,1,'',55,16),(538,0,'',56,16),(539,1,'',57,16),(540,1,'',58,16),(541,1,'',59,16),(542,1,'',60,16),(543,1,'',61,16),(544,0,'',62,16),(545,1,'',63,16),(546,0,'',64,16),(547,1,'',65,16),(548,0,'',66,16),(549,1,'',67,16),(550,1,'',68,16),(551,1,'',69,16),(552,1,'',70,16),(553,1,'',71,16),(554,1,'',72,16),(555,1,'',73,16),(556,1,'',74,16),(557,1,'',75,16),(558,0,'',76,16),(559,1,'',77,16),(560,1,'',78,16),(561,1,'',42,17),(562,1,'',43,17),(563,1,'',44,17),(564,0,'',45,17),(565,0,'',46,17),(566,1,'',47,17),(567,1,'',48,17),(568,0,'',49,17),(569,0,'',50,17),(570,1,'',51,17),(571,1,'',52,17),(572,1,'',53,17),(573,1,'',54,17),(574,0,'',55,17),(575,0,'',56,17),(576,1,'',57,17),(577,1,'',58,17),(578,1,'',59,17),(579,1,'',60,17),(580,1,'',61,17),(581,1,'',62,17),(582,1,'',63,17),(583,0,'',64,17),(584,1,'',65,17),(585,1,'',66,17),(586,1,'',67,17),(587,1,'',68,17),(588,1,'',69,17),(589,1,'',70,17),(590,0,'',71,17),(591,1,'',72,17),(592,0,'',73,17),(593,1,'',74,17),(594,1,'',75,17),(595,1,'',76,17),(596,1,'',77,17),(597,1,'',78,17),(598,0,'',42,18),(599,1,'',43,18),(600,1,'',44,18),(601,0,'',45,18),(602,0,'',46,18),(603,1,'',47,18),(604,1,'',48,18),(605,1,'',49,18),(606,1,'',50,18),(607,0,'',51,18),(608,0,'',52,18),(609,1,'',53,18),(610,1,'',54,18),(611,1,'',55,18),(612,1,'',56,18),(613,1,'',57,18),(614,1,'',58,18),(615,1,'',59,18),(616,1,'',60,18),(617,1,'',61,18),(618,1,'',62,18),(619,1,'',63,18),(620,1,'',64,18),(621,1,'',65,18),(622,1,'',66,18),(623,1,'',67,18),(624,1,'',68,18),(625,1,'',69,18),(626,1,'',70,18),(627,1,'',71,18),(628,1,'',72,18),(629,1,'',73,18),(630,1,'',74,18),(631,1,'',75,18),(632,1,'',76,18),(633,0,'',77,18),(634,1,'',78,18),(635,0,'',42,19),(636,1,'',43,19),(637,0,'',44,19),(638,0,'',45,19),(639,0,'',46,19),(640,1,'',47,19),(641,1,'',48,19),(642,0,'',49,19),(643,1,'',50,19),(644,0,'',51,19),(645,0,'',52,19),(646,1,'',53,19),(647,1,'',54,19),(648,1,'',55,19),(649,1,'',56,19),(650,1,'',57,19),(651,1,'',58,19),(652,1,'',59,19),(653,1,'',60,19),(654,1,'',61,19),(655,1,'',62,19),(656,1,'',63,19),(657,1,'',64,19),(658,1,'',65,19),(659,1,'',66,19),(660,1,'',67,19),(661,0,'',68,19),(662,0,'',69,19),(663,1,'',70,19),(664,1,'',71,19),(665,1,'',72,19),(666,1,'',73,19),(667,1,'',74,19),(668,1,'',75,19),(669,1,'',76,19),(670,1,'',77,19),(671,1,'',78,19),(672,0,'',42,20),(673,1,'',43,20),(674,1,'',44,20),(675,0,'',45,20),(676,0,'',46,20),(677,1,'',47,20),(678,0,'',48,20),(679,1,'',49,20),(680,1,'',50,20),(681,0,'',51,20),(682,1,'',52,20),(683,1,'',53,20),(684,1,'',54,20),(685,0,'',55,20),(686,0,'',56,20),(687,0,'',57,20),(688,0,'',58,20),(689,1,'',59,20),(690,0,'',60,20),(691,1,'',61,20),(692,1,'',62,20),(693,1,'',63,20),(694,1,'',64,20),(695,1,'',65,20),(696,0,'',66,20),(697,1,'',67,20),(698,1,'',68,20),(699,1,'',69,20),(700,1,'',70,20),(701,1,'',71,20),(702,1,'',72,20),(703,1,'',73,20),(704,1,'',74,20),(705,1,'',75,20),(706,1,'',76,20),(707,1,'',77,20),(708,1,'',78,20),(709,0,'',42,21),(710,1,'',43,21),(711,1,'',44,21),(712,0,'',45,21),(713,0,'',46,21),(714,1,'',47,21),(715,1,'',48,21),(716,1,'',49,21),(717,1,'',50,21),(718,0,'',51,21),(719,0,'',52,21),(720,1,'',53,21),(721,1,'',54,21),(722,1,'',55,21),(723,1,'',56,21),(724,1,'',57,21),(725,1,'',58,21),(726,1,'',59,21),(727,0,'',60,21),(728,1,'',61,21),(729,1,'',62,21),(730,1,'',63,21),(731,1,'',64,21),(732,1,'',65,21),(733,1,'',66,21),(734,0,'',67,21),(735,1,'',68,21),(736,1,'',69,21),(737,0,'',70,21),(738,1,'',71,21),(739,1,'',72,21),(740,1,'',73,21),(741,1,'',74,21),(742,1,'',75,21),(743,1,'',76,21),(744,1,NULL,77,21),(745,1,NULL,78,21),(857,1,'',187,28),(858,1,'',188,28),(859,1,'',189,28),(860,1,'',190,28),(861,0,'',191,28),(862,0,'',192,28),(863,0,'',193,28),(864,1,'',194,28),(865,0,'',195,28),(866,1,'',196,28),(867,0,'',197,28),(868,1,'',198,28),(869,1,'',199,28),(870,1,'',200,28),(871,1,'',201,28),(872,0,'',42,29),(873,0,'',43,29),(874,0,'',44,29),(875,0,'',45,29),(876,0,'',46,29),(877,1,'',47,29),(878,0,'',48,29),(879,1,'',49,29),(880,1,'',50,29),(881,1,'',51,29),(882,0,'',52,29),(883,1,'',53,29),(884,1,'',54,29),(885,1,'',55,29),(886,1,'',56,29),(887,1,'',57,29),(888,1,'',58,29),(889,1,'',59,29),(890,1,'',60,29),(891,1,'',61,29),(892,1,'',62,29),(893,0,'',63,29),(894,1,'',64,29),(895,0,'',65,29),(896,0,'',66,29),(897,1,'',67,29),(898,1,'',68,29),(899,0,'',69,29),(900,1,'',70,29),(901,0,'',71,29),(902,1,'',72,29),(903,1,'',73,29),(904,0,'',74,29),(905,1,'',75,29),(906,1,'',76,29),(907,1,'',77,29),(908,0,'',78,29),(909,1,'',111,30),(910,1,'',112,30),(911,1,'',113,30),(912,0,'',114,30),(913,0,'',115,30),(914,1,'',116,30),(915,1,'',117,30),(916,1,'',118,30),(917,1,'',119,30),(918,1,'',120,30),(919,1,'',121,30),(920,1,'',122,30),(921,1,'',123,30),(922,0,'',124,30),(923,0,'',125,30),(924,0,'',157,31),(925,1,'',158,31),(926,1,'',159,31),(927,0,'',160,31),(928,1,'',161,31),(929,1,'',162,31),(930,1,'',163,31),(931,1,'',164,31),(932,0,'',165,31),(933,1,'',166,31),(934,0,'',167,31),(935,1,'',168,31),(936,1,'',169,31),(937,1,'',170,31),(938,1,'',171,31),(939,1,'',172,31),(940,1,'',173,31),(941,1,'',174,31),(942,0,'',175,31),(943,1,'',176,31),(944,1,'',177,31),(945,1,'',178,31),(946,1,'',179,31),(947,1,'',180,31),(948,0,'',181,31),(949,1,'',182,31),(950,1,'',183,31),(951,0,'',184,31),(952,0,'',185,31),(953,1,'',186,31),(954,1,'',187,31),(955,1,'',188,31),(956,1,'',189,31),(957,1,'',190,31),(958,1,'',191,31),(959,0,'',192,31),(960,1,'',193,31),(961,1,'',194,31),(962,0,'',195,31),(963,1,'',196,31),(964,1,'',197,31),(965,1,'',198,31),(966,1,'',199,31),(967,1,'',200,31),(968,1,'',201,31),(969,1,'',202,31),(970,1,'',203,31),(971,1,'',204,31),(972,1,'',205,31),(973,1,'',206,31),(974,0,'',207,31),(975,1,'',208,31),(976,1,'',209,31),(977,1,'',210,31),(978,1,'',211,31),(979,1,'',212,31),(980,1,'',213,31),(981,1,'',214,31),(982,1,'',215,31),(983,1,'',216,31),(984,1,'',217,31),(985,1,'',218,31),(986,1,'',219,31),(987,0,'',220,31),(988,1,'',221,31),(989,1,'',222,31),(990,1,'',223,31),(991,0,'',224,31),(992,1,'',225,31),(993,1,'',226,31),(994,1,'',227,31),(995,1,'',228,31),(996,1,'',229,31),(997,1,'',230,31),(998,1,'',231,31),(999,1,'',232,31),(1000,1,'',202,32),(1001,1,'',203,32),(1002,1,'',204,32),(1003,1,'',205,32),(1004,1,'',206,32),(1005,1,'',207,32),(1006,1,'',208,32),(1007,1,'',209,32),(1008,1,'',210,32),(1009,1,'',211,32),(1010,1,'',212,32),(1011,1,'',213,32),(1012,1,'',214,32),(1013,1,'',215,32),(1014,1,'',216,32),(1015,1,'',81,33),(1016,0,'',82,33),(1017,1,'',83,33),(1018,0,'',84,33),(1019,1,'',85,33),(1020,1,'',86,33),(1021,1,'',87,33),(1022,1,'',88,33),(1023,1,'',89,33),(1024,1,'',90,33),(1025,1,'',91,33),(1026,1,'',92,33),(1027,1,'',93,33),(1028,0,'',94,33),(1029,1,'',95,33),(1030,1,'',96,33),(1031,1,'',97,33),(1032,1,'',98,33),(1033,1,'',99,33),(1034,0,'',100,33),(1035,1,'',101,33),(1036,1,'',102,33),(1037,1,'',103,33),(1038,1,'',104,33),(1039,1,'',105,33),(1040,1,'',106,33),(1041,1,'',107,33),(1042,0,'',108,33),(1043,1,'',109,33),(1044,1,'',110,33),(1045,0,'',111,33),(1046,1,'',112,33),(1047,1,'',113,33),(1048,0,'',114,33),(1049,0,'',115,33),(1050,1,'',116,33),(1051,1,'',117,33),(1052,1,'',118,33),(1053,1,'',119,33),(1054,1,'',120,33),(1055,1,'',121,33),(1056,1,'',122,33),(1057,0,'',123,33),(1058,0,'',124,33),(1059,0,'',125,33),(1060,1,'',126,33),(1061,1,'',127,33),(1062,1,'',128,33),(1063,0,'',129,33),(1064,1,'',130,33),(1065,1,'',131,33),(1066,0,'',132,33),(1067,0,'',133,33),(1068,1,'',134,33),(1069,1,'',135,33),(1070,1,'',136,33),(1071,1,'',137,33),(1072,1,'',138,33),(1073,0,'',139,33),(1074,1,'',140,33),(1075,1,'',141,33),(1076,1,'',142,33),(1077,1,'',143,33),(1078,1,'',144,33),(1079,1,'',145,33),(1080,0,'',146,33),(1081,1,'',147,33),(1082,1,'',148,33),(1083,0,'',149,33),(1084,1,'',150,33),(1085,1,'',151,33),(1086,1,'',152,33),(1087,0,'',153,33),(1088,0,'',154,33),(1089,1,'',155,33),(1090,0,'',157,34),(1091,1,'',158,34),(1092,0,'',159,34),(1093,0,'',160,34),(1094,1,'',161,34),(1095,1,'',162,34),(1096,1,'',163,34),(1097,1,'',164,34),(1098,0,'',165,34),(1099,1,'',166,34),(1100,0,'',167,34),(1101,1,'',168,34),(1102,1,'',169,34),(1103,1,'',170,34),(1104,1,'',171,34),(1105,1,'',172,34),(1106,1,'',173,34),(1107,0,'',174,34),(1108,0,'',175,34),(1109,1,'',176,34),(1110,1,'',177,34),(1111,1,'',178,34),(1112,1,'',179,34),(1113,0,'',180,34),(1114,0,'',181,34),(1115,1,'',182,34),(1116,0,'',183,34),(1117,1,'',184,34),(1118,0,'',185,34),(1119,0,'',186,34),(1120,1,'',187,34),(1121,1,'',188,34),(1122,1,'',189,34),(1123,1,'',190,34),(1124,1,'',191,34),(1125,0,'',192,34),(1126,1,'',193,34),(1127,1,'',194,34),(1128,1,'',195,34),(1129,1,'',196,34),(1130,0,'',197,34),(1131,0,'',198,34),(1132,1,'',199,34),(1133,1,'',200,34),(1134,0,'',201,34),(1135,1,'',202,34),(1136,1,'',203,34),(1137,1,'',204,34),(1138,1,'',205,34),(1139,1,'',206,34),(1140,1,'',207,34),(1141,1,'',208,34),(1142,1,'',209,34),(1143,1,'',210,34),(1144,1,'',211,34),(1145,1,'',212,34),(1146,1,'',213,34),(1147,1,'',214,34),(1148,1,'',215,34),(1149,1,'',216,34),(1150,0,'',217,34),(1151,1,'',218,34),(1152,0,'',219,34),(1153,0,'',220,34),(1154,1,'',221,34),(1155,1,'',222,34),(1156,0,'',223,34),(1157,0,'',224,34),(1158,1,'',225,34),(1159,1,'',226,34),(1160,0,'',227,34),(1161,0,'',228,34),(1162,0,'',229,34),(1163,1,'',230,34),(1164,0,'',231,34),(1165,0,'',232,34),(1166,1,'',81,35),(1167,0,'',82,35),(1168,1,'',83,35),(1169,0,'',84,35),(1170,0,'',85,35),(1171,0,'',86,35),(1172,1,'',87,35),(1173,1,'',88,35),(1174,1,'',89,35),(1175,0,'',90,35),(1176,1,'',91,35),(1177,1,'',92,35),(1178,1,'',93,35),(1179,0,'',94,35),(1180,1,'',95,35),(1181,1,'',96,35),(1182,1,'',97,35),(1183,0,'',98,35),(1184,1,'',99,35),(1185,1,'',100,35),(1186,1,'',101,35),(1187,0,'',102,35),(1188,0,'',103,35),(1189,1,'',104,35),(1190,1,'',105,35),(1191,1,'',106,35),(1192,1,'',107,35),(1193,0,'',108,35),(1194,1,'',109,35),(1195,1,'',110,35),(1196,1,'',111,35),(1197,0,'',112,35),(1198,1,'',113,35),(1199,0,'',114,35),(1200,0,'',115,35),(1201,0,'',116,35),(1202,1,'',117,35),(1203,1,'',118,35),(1204,1,'',119,35),(1205,0,'',120,35),(1206,0,'',121,35),(1207,1,'',122,35),(1208,0,'',123,35),(1209,0,'',124,35),(1210,0,'',125,35),(1211,1,'',126,35),(1212,1,'',127,35),(1213,0,'',128,35),(1214,0,'',129,35),(1215,1,'',130,35),(1216,0,'',131,35),(1217,0,'',132,35),(1218,1,'',133,35),(1219,0,'',134,35),(1220,1,'',135,35),(1221,1,'',136,35),(1222,1,'',137,35),(1223,1,'',138,35),(1224,0,'',139,35),(1225,1,'',140,35),(1226,0,'',141,35),(1227,1,'',142,35),(1228,0,'',143,35),(1229,0,'',144,35),(1230,0,'',145,35),(1231,0,'',146,35),(1232,1,'',147,35),(1233,0,'',148,35),(1234,0,'',149,35),(1235,1,'',150,35),(1236,0,'',151,35),(1237,0,'',152,35),(1238,0,'',153,35),(1239,1,'',154,35),(1240,0,'',155,35),(1241,1,'',546,36),(1242,1,'',547,36),(1243,1,'',548,36),(1244,0,'',549,36),(1245,0,'',550,36),(1246,0,'',551,36),(1247,0,'',552,36),(1248,0,'',553,36),(1249,1,'',554,36),(1250,1,'',555,36),(1251,1,'',556,36),(1252,1,'',557,36),(1253,1,'',558,36),(1254,1,'',559,36),(1255,1,'',560,36),(1256,1,'',561,36),(1257,1,'',562,36),(1258,1,'',563,36),(1259,1,'',564,36),(1260,1,'',565,36),(1261,0,'',566,36),(1262,1,'',567,36),(1263,1,'',568,36),(1264,1,'',569,36),(1265,1,'',570,36),(1266,0,'',571,36),(1267,1,'',572,36),(1268,1,'',573,36),(1269,0,'',574,36),(1270,1,'',575,36),(1271,1,'',576,36),(1272,1,'',577,36),(1273,1,'',578,36),(1274,1,'',579,36),(1275,1,'',580,36),(1276,1,'',581,36),(1277,1,'',582,36),(1278,1,'',583,36),(1279,1,'',584,36),(1280,1,'',585,36),(1281,1,'',586,36),(1282,1,'',587,36),(1283,1,'',588,36),(1284,1,'',589,36),(1285,0,'',590,36),(1286,0,'',591,36),(1287,1,'',592,36),(1288,1,'',593,36),(1289,1,'',594,36),(1290,1,'',595,36),(1291,0,'',596,36),(1292,1,'',597,36),(1293,0,'',598,36),(1294,1,'',599,36),(1295,1,'',600,36),(1296,1,'',601,36),(1297,1,'',602,36),(1298,1,'',603,36),(1299,1,'',604,36),(1300,1,'',605,36),(1301,0,'',606,36),(1302,1,'',607,36),(1303,1,'',608,36),(1304,0,'',546,37),(1305,1,'',547,37),(1306,1,'',548,37),(1307,0,'',549,37),(1308,0,'',550,37),(1309,0,'',551,37),(1310,1,'',552,37),(1311,1,'',553,37),(1312,1,'',554,37),(1313,1,'',555,37),(1314,1,'',556,37),(1315,1,'',557,37),(1316,1,'',558,37),(1317,1,'',559,37),(1318,1,'',560,37),(1319,0,'',561,37),(1320,1,'',562,37),(1321,1,'',563,37),(1322,0,'',564,37),(1323,1,'',565,37),(1324,1,'',566,37),(1325,1,'',567,37),(1326,0,'',568,37),(1327,1,'',569,37),(1328,1,'',570,37),(1329,1,'',571,37),(1330,0,'',572,37),(1331,0,'',573,37),(1332,1,'',574,37),(1333,1,'',575,37),(1334,1,'',576,37),(1335,1,'',577,37),(1336,0,'',578,37),(1337,1,'',579,37),(1338,0,'',580,37),(1339,0,'',581,37),(1340,1,'',582,37),(1341,0,'',583,37),(1342,0,'',584,37),(1343,1,'',585,37),(1344,0,'',586,37),(1345,0,'',587,37),(1346,0,'',588,37),(1347,0,'',589,37),(1348,0,'',590,37),(1349,1,'',591,37),(1350,1,'',592,37),(1351,1,'',593,37),(1352,1,'',594,37),(1353,0,'',595,37),(1354,1,'',596,37),(1355,1,'',597,37),(1356,1,'',598,37),(1357,1,'',599,37),(1358,1,'',600,37),(1359,0,'',601,37),(1360,1,'',602,37),(1361,1,'',603,37),(1362,1,'',604,37),(1363,1,'',605,37),(1364,0,'',606,37),(1365,0,'',607,37),(1366,1,'',608,37),(1367,1,'',546,38),(1368,1,'',547,38),(1369,1,'',548,38),(1370,0,'',549,38),(1371,1,'',550,38),(1372,1,'',551,38),(1373,1,'',552,38),(1374,1,'',553,38),(1375,1,'',554,38),(1376,1,'',555,38),(1377,1,'',556,38),(1378,0,'',557,38),(1379,1,'',558,38),(1380,1,'',559,38),(1381,1,'',560,38),(1382,0,'',561,38),(1383,1,'',562,38),(1384,1,'',563,38),(1385,0,'',564,38),(1386,1,'',565,38),(1387,1,'',566,38),(1388,1,'',567,38),(1389,0,'',568,38),(1390,1,'',569,38),(1391,0,'',570,38),(1392,1,'',571,38),(1393,1,'',572,38),(1394,1,'',573,38),(1395,1,'',574,38),(1396,1,'',575,38),(1397,0,'',576,38),(1398,0,'',577,38),(1399,0,'',578,38),(1400,1,'',579,38),(1401,1,'',580,38),(1402,1,'',581,38),(1403,1,'',582,38),(1404,1,'',583,38),(1405,0,'',584,38),(1406,1,'',585,38),(1407,0,'',586,38),(1408,0,'',587,38),(1409,1,'',588,38),(1410,0,'',589,38),(1411,1,'',590,38),(1412,1,'',591,38),(1413,0,'',592,38),(1414,1,'',593,38),(1415,1,'',594,38),(1416,1,'',595,38),(1417,1,'',596,38),(1418,1,'',597,38),(1419,0,'',598,38),(1420,1,'',599,38),(1421,0,'',600,38),(1422,1,'',601,38),(1423,1,'',602,38),(1424,0,'',603,38),(1425,0,'',604,38),(1426,1,'',605,38),(1427,0,'',606,38),(1428,1,'',607,38),(1429,0,'',608,38),(1430,1,'',546,39),(1431,1,'',547,39),(1432,0,'',548,39),(1433,1,'',549,39),(1434,1,'',550,39),(1435,1,'',551,39),(1436,1,'',552,39),(1437,1,'',553,39),(1438,1,'',554,39),(1439,1,'',555,39),(1440,1,'',556,39),(1441,0,'',557,39),(1442,1,'',558,39),(1443,1,'',559,39),(1444,1,'',560,39),(1445,1,'',561,39),(1446,0,'',562,39),(1447,1,'',563,39),(1448,0,'',564,39),(1449,1,'',565,39),(1450,1,'',566,39),(1451,1,'',567,39),(1452,0,'',568,39),(1453,1,'',569,39),(1454,1,'',570,39),(1455,1,'',571,39),(1456,1,'',572,39),(1457,1,'',573,39),(1458,0,'',574,39),(1459,1,'',575,39),(1460,1,'',576,39),(1461,0,'',577,39),(1462,1,'',578,39),(1463,1,'',579,39),(1464,1,'',580,39),(1465,1,'',581,39),(1466,1,'',582,39),(1467,1,'',583,39),(1468,0,'',584,39),(1469,0,'',585,39),(1470,1,'',586,39),(1471,1,'',587,39),(1472,0,'',588,39),(1473,0,'',589,39),(1474,1,'',590,39),(1475,1,'',591,39),(1476,1,'',592,39),(1477,1,'',593,39),(1478,1,'',594,39),(1479,1,'',595,39),(1480,1,'',596,39),(1481,1,'',597,39),(1482,1,'',598,39),(1483,1,'',599,39),(1484,1,'',600,39),(1485,0,'',601,39),(1486,0,'',602,39),(1487,1,'',603,39),(1488,1,'',604,39),(1489,1,'',605,39),(1490,1,'',606,39),(1491,0,'',607,39),(1492,0,'',608,39),(1493,1,'',546,40),(1494,1,'',547,40),(1495,1,'',548,40),(1496,0,'',549,40),(1497,1,'',550,40),(1498,1,'',551,40),(1499,1,'',552,40),(1500,1,'',553,40),(1501,0,'',554,40),(1502,1,'',555,40),(1503,0,'',556,40),(1504,1,'',557,40),(1505,1,'',558,40),(1506,0,'',559,40),(1507,0,'',560,40),(1508,1,'',561,40),(1509,1,'',562,40),(1510,1,'',563,40),(1511,1,'',564,40),(1512,1,'',565,40),(1513,0,'',566,40),(1514,1,'',567,40),(1515,1,'',568,40),(1516,1,'',569,40),(1517,1,'',570,40),(1518,0,'',571,40),(1519,1,'',572,40),(1520,1,'',573,40),(1521,1,'',574,40),(1522,1,'',575,40),(1523,1,'',576,40),(1524,1,'',577,40),(1525,1,'',578,40),(1526,1,'',579,40),(1527,1,'',580,40),(1528,1,'',581,40),(1529,1,'',582,40),(1530,0,'',583,40),(1531,0,'',584,40),(1532,1,'',585,40),(1533,1,'',586,40),(1534,1,'',587,40),(1535,1,'',588,40),(1536,1,'',589,40),(1537,1,'',590,40),(1538,0,'',591,40),(1539,1,'',592,40),(1540,1,'',593,40),(1541,1,'',594,40),(1542,1,'',595,40),(1543,1,'',596,40),(1544,0,'',597,40),(1545,1,'',598,40),(1546,0,'',599,40),(1547,1,'',600,40),(1548,0,'',601,40),(1549,1,'',602,40),(1550,0,'',603,40),(1551,1,'',604,40),(1552,1,'',605,40),(1553,1,'',606,40),(1554,0,'',607,40),(1555,1,'',608,40),(1556,1,'',546,41),(1557,1,'',547,41),(1558,1,'',548,41),(1559,1,'',549,41),(1560,0,'',550,41),(1561,1,'',551,41),(1562,1,'',552,41),(1563,1,'',553,41),(1564,1,'',554,41),(1565,1,'',555,41),(1566,1,'',556,41),(1567,0,'',557,41),(1568,1,'',558,41),(1569,1,'',559,41),(1570,1,'',560,41),(1571,1,'',561,41),(1572,1,'',562,41),(1573,1,'',563,41),(1574,1,'',564,41),(1575,1,'',565,41),(1576,0,'',566,41),(1577,1,'',567,41),(1578,1,'',568,41),(1579,1,'',569,41),(1580,1,'',570,41),(1581,1,'',571,41),(1582,1,'',572,41),(1583,1,'',573,41),(1584,1,'',574,41),(1585,1,'',575,41),(1586,1,'',576,41),(1587,1,'',577,41),(1588,1,'',578,41),(1589,1,'',579,41),(1590,1,'',580,41),(1591,1,'',581,41),(1592,1,'',582,41),(1593,1,'',583,41),(1594,1,'',584,41),(1595,1,'',585,41),(1596,1,'',586,41),(1597,1,'',587,41),(1598,0,'',588,41),(1599,1,'',589,41),(1600,0,'',590,41),(1601,1,'',591,41),(1602,1,'',592,41),(1603,1,'',593,41),(1604,1,'',594,41),(1605,1,'',595,41),(1606,1,'',596,41),(1607,1,'',597,41),(1608,1,'',598,41),(1609,1,'',599,41),(1610,1,'',600,41),(1611,1,'',601,41),(1612,1,'',602,41),(1613,0,'',603,41),(1614,0,'',604,41),(1615,1,'',605,41),(1616,1,'',606,41),(1617,1,'',607,41),(1618,1,'',608,41),(1619,1,'',546,42),(1620,1,'',547,42),(1621,1,'',548,42),(1622,0,'',549,42),(1623,1,'',550,42),(1624,0,'',551,42),(1625,1,'',552,42),(1626,1,'',553,42),(1627,1,'',554,42),(1628,1,'',555,42),(1629,0,'',556,42),(1630,0,'',557,42),(1631,1,'',558,42),(1632,1,'',559,42),(1633,0,'',560,42),(1634,0,'',561,42),(1635,1,'',562,42),(1636,1,'',563,42),(1637,1,'',564,42),(1638,1,'',565,42),(1639,1,'',566,42),(1640,1,'',567,42),(1641,0,'',568,42),(1642,1,'',569,42),(1643,1,'',570,42),(1644,1,'',571,42),(1645,1,'',572,42),(1646,1,'',573,42),(1647,1,'',574,42),(1648,1,'',575,42),(1649,1,'',576,42),(1650,0,'',577,42),(1651,1,'',578,42),(1652,1,'',579,42),(1653,1,'',580,42),(1654,1,'',581,42),(1655,1,'',582,42),(1656,1,'',583,42),(1657,1,'',584,42),(1658,1,'',585,42),(1659,1,'',586,42),(1660,1,'',587,42),(1661,0,'',588,42),(1662,0,'',589,42),(1663,1,'',590,42),(1664,1,'',591,42),(1665,1,'',592,42),(1666,1,'',593,42),(1667,1,'',594,42),(1668,0,'',595,42),(1669,1,'',596,42),(1670,1,'',597,42),(1671,1,'',598,42),(1672,1,'',599,42),(1673,1,'',600,42),(1674,1,'',601,42),(1675,0,'',602,42),(1676,0,'',603,42),(1677,0,'',604,42),(1678,1,'',605,42),(1679,0,'',606,42),(1680,1,'',607,42),(1681,1,'',608,42),(1682,1,'',546,43),(1683,1,'',547,43),(1684,1,'',548,43),(1685,1,'',549,43),(1686,1,'',550,43),(1687,0,'',551,43),(1688,1,'',552,43),(1689,1,'',553,43),(1690,1,'',554,43),(1691,1,'',555,43),(1692,0,'',556,43),(1693,1,'',557,43),(1694,1,'',558,43),(1695,1,'',559,43),(1696,0,'',560,43),(1697,0,'',561,43),(1698,1,'',562,43),(1699,0,'',563,43),(1700,1,'',564,43),(1701,1,'',565,43),(1702,0,'',566,43),(1703,1,'',567,43),(1704,1,'',568,43),(1705,1,'',569,43),(1706,1,'',570,43),(1707,0,'',571,43),(1708,1,'',572,43),(1709,1,'',573,43),(1710,1,'',574,43),(1711,1,'',575,43),(1712,0,'',576,43),(1713,0,'',577,43),(1714,1,'',578,43),(1715,1,'',579,43),(1716,1,'',580,43),(1717,1,'',581,43),(1718,0,'',582,43),(1719,0,'',583,43),(1720,1,'',584,43),(1721,1,'',585,43),(1722,1,'',586,43),(1723,1,'',587,43),(1724,0,'',588,43),(1725,1,'',589,43),(1726,1,'',590,43),(1727,1,'',591,43),(1728,0,'',592,43),(1729,0,'',593,43),(1730,1,'',594,43),(1731,0,'',595,43),(1732,1,'',596,43),(1733,1,'',597,43),(1734,0,'',598,43),(1735,1,'',599,43),(1736,1,'',600,43),(1737,1,'',601,43),(1738,0,'',602,43),(1739,1,'',603,43),(1740,0,'',604,43),(1741,1,'',605,43),(1742,1,'',606,43),(1743,1,'',607,43),(1744,1,'',608,43),(1745,1,'',546,44),(1746,1,'',547,44),(1747,1,'',548,44),(1748,1,'',549,44),(1749,1,'',550,44),(1750,0,'',551,44),(1751,1,'',552,44),(1752,1,'',553,44),(1753,1,'',554,44),(1754,1,'',555,44),(1755,0,'',556,44),(1756,1,'',557,44),(1757,1,'',558,44),(1758,1,'',559,44),(1759,0,'',560,44),(1760,0,'',561,44),(1761,1,'',562,44),(1762,1,'',563,44),(1763,1,'',564,44),(1764,1,'',565,44),(1765,0,'',566,44),(1766,1,'',567,44),(1767,1,'',568,44),(1768,1,'',569,44),(1769,1,'',570,44),(1770,1,'',571,44),(1771,1,'',572,44),(1772,1,'',573,44),(1773,1,'',574,44),(1774,1,'',575,44),(1775,0,'',576,44),(1776,1,'',577,44),(1777,1,'',578,44),(1778,1,'',579,44),(1779,1,'',580,44),(1780,1,'',581,44),(1781,1,'',582,44),(1782,0,'',583,44),(1783,1,'',584,44),(1784,1,'',585,44),(1785,1,'',586,44),(1786,1,'',587,44),(1787,1,'',588,44),(1788,1,'',589,44),(1789,1,'',590,44),(1790,1,'',591,44),(1791,0,'',592,44),(1792,0,'',593,44),(1793,1,'',594,44),(1794,0,'',595,44),(1795,1,'',596,44),(1796,1,'',597,44),(1797,0,'',598,44),(1798,1,'',599,44),(1799,1,'',600,44),(1800,1,'',601,44),(1801,1,'',602,44),(1802,1,'',603,44),(1803,0,'',604,44),(1804,1,'',605,44),(1805,1,'',606,44),(1806,1,'',607,44),(1807,1,'',608,44),(1808,1,'',546,45),(1809,1,'',547,45),(1810,1,'',548,45),(1811,1,'',549,45),(1812,1,'',550,45),(1813,1,'',551,45),(1814,1,'',552,45),(1815,1,'',553,45),(1816,1,'',554,45),(1817,1,'',555,45),(1818,1,'',556,45),(1819,0,'',557,45),(1820,1,'',558,45),(1821,1,'',559,45),(1822,1,'',560,45),(1823,0,'',561,45),(1824,1,'',562,45),(1825,1,'',563,45),(1826,0,'',564,45),(1827,1,'',565,45),(1828,1,'',566,45),(1829,1,'',567,45),(1830,1,'',568,45),(1831,1,'',569,45),(1832,0,'',570,45),(1833,1,'',571,45),(1834,1,'',572,45),(1835,1,'',573,45),(1836,1,'',574,45),(1837,1,'',575,45),(1838,1,'',576,45),(1839,1,'',577,45),(1840,1,'',578,45),(1841,1,'',579,45),(1842,1,'',580,45),(1843,1,'',581,45),(1844,1,'',582,45),(1845,1,'',583,45),(1846,1,'',584,45),(1847,1,'',585,45),(1848,1,'',586,45),(1849,1,'',587,45),(1850,1,'',588,45),(1851,1,'',589,45),(1852,1,'',590,45),(1853,1,'',591,45),(1854,1,'',592,45),(1855,1,'',593,45),(1856,1,'',594,45),(1857,0,'',595,45),(1858,1,'',596,45),(1859,1,'',597,45),(1860,1,'',598,45),(1861,1,'',599,45),(1862,1,'',600,45),(1863,1,'',601,45),(1864,1,'',602,45),(1865,1,'',603,45),(1866,0,'',604,45),(1867,1,'',605,45),(1868,0,'',606,45),(1869,1,'',607,45),(1870,1,'',608,45),(1871,1,'',546,46),(1872,1,'',547,46),(1873,1,'',548,46),(1874,1,'',549,46),(1875,0,'',550,46),(1876,1,'',551,46),(1877,1,'',552,46),(1878,1,'',553,46),(1879,1,'',554,46),(1880,1,'',555,46),(1881,1,'',556,46),(1882,1,'',557,46),(1883,1,'',558,46),(1884,1,'',559,46),(1885,1,'',560,46),(1886,1,'',561,46),(1887,1,'',562,46),(1888,1,'',563,46),(1889,1,'',564,46),(1890,1,'',565,46),(1891,1,'',566,46),(1892,1,'',567,46),(1893,1,'',568,46),(1894,0,'',569,46),(1895,1,'',570,46),(1896,1,'',571,46),(1897,0,'',572,46),(1898,1,'',573,46),(1899,1,'',574,46),(1900,1,'',575,46),(1901,1,'',576,46),(1902,1,'',577,46),(1903,1,'',578,46),(1904,1,'',579,46),(1905,1,'',580,46),(1906,1,'',581,46),(1907,1,'',582,46),(1908,1,'',583,46),(1909,1,'',584,46),(1910,0,'',585,46),(1911,1,'',586,46),(1912,1,'',587,46),(1913,0,'',588,46),(1914,1,'',589,46),(1915,1,'',590,46),(1916,1,'',591,46),(1917,1,'',592,46),(1918,1,'',593,46),(1919,1,'',594,46),(1920,1,'',595,46),(1921,1,'',596,46),(1922,1,'',597,46),(1923,0,'',598,46),(1924,1,'',599,46),(1925,1,'',600,46),(1926,1,'',601,46),(1927,1,'',602,46),(1928,1,'',603,46),(1929,1,'',604,46),(1930,1,'',605,46),(1931,1,'',606,46),(1932,1,'',607,46),(1933,1,'',608,46),(1934,1,'',546,47),(1935,1,'',547,47),(1936,1,'',548,47),(1937,1,'',549,47),(1938,1,'',550,47),(1939,1,'',551,47),(1940,1,'',552,47),(1941,1,'',553,47),(1942,1,'',554,47),(1943,1,'',555,47),(1944,1,'',556,47),(1945,1,'',557,47),(1946,1,'',558,47),(1947,1,'',559,47),(1948,1,'',560,47),(1949,1,'',561,47),(1950,0,'',562,47),(1951,1,'',563,47),(1952,1,'',564,47),(1953,0,'',565,47),(1954,1,'',566,47),(1955,1,'',567,47),(1956,1,'',568,47),(1957,1,'',569,47),(1958,1,'',570,47),(1959,1,'',571,47),(1960,1,'',572,47),(1961,0,'',573,47),(1962,0,'',574,47),(1963,1,'',575,47),(1964,1,'',576,47),(1965,1,'',577,47),(1966,1,'',578,47),(1967,1,'',579,47),(1968,1,'',580,47),(1969,0,'',581,47),(1970,1,'',582,47),(1971,1,'',583,47),(1972,1,'',584,47),(1973,1,'',585,47),(1974,1,'',586,47),(1975,1,'',587,47),(1976,1,'',588,47),(1977,0,'',589,47),(1978,0,'',590,47),(1979,1,'',591,47),(1980,1,'',592,47),(1981,1,'',593,47),(1982,0,'',594,47),(1983,1,'',595,47),(1984,0,'',596,47),(1985,0,'',597,47),(1986,0,'',598,47),(1987,1,'',599,47),(1988,0,'',600,47),(1989,1,'',601,47),(1990,1,'',602,47),(1991,1,'',603,47),(1992,0,'',604,47),(1993,1,'',605,47),(1994,1,'',606,47),(1995,1,'',607,47),(1996,1,'',608,47),(1997,1,'',546,48),(1998,1,'',547,48),(1999,1,'',548,48),(2000,1,'',549,48),(2001,1,'',550,48),(2002,1,'',551,48),(2003,1,'',552,48),(2004,0,'',553,48),(2005,1,'',554,48),(2006,1,'',555,48),(2007,0,'',556,48),(2008,0,'',557,48),(2009,1,'',558,48),(2010,1,'',559,48),(2011,0,'',560,48),(2012,1,'',561,48),(2013,1,'',562,48),(2014,1,'',563,48),(2015,1,'',564,48),(2016,1,'',565,48),(2017,0,'',566,48),(2018,1,'',567,48),(2019,1,'',568,48),(2020,1,'',569,48),(2021,1,'',570,48),(2022,1,'',571,48),(2023,0,'',572,48),(2024,1,'',573,48),(2025,1,'',574,48),(2026,1,'',575,48),(2027,1,'',576,48),(2028,0,'',577,48),(2029,1,'',578,48),(2030,1,'',579,48),(2031,1,'',580,48),(2032,1,'',581,48),(2033,1,'',582,48),(2034,0,'',583,48),(2035,1,'',584,48),(2036,1,'',585,48),(2037,1,'',586,48),(2038,1,'',587,48),(2039,0,'',588,48),(2040,1,'',589,48),(2041,1,'',590,48),(2042,1,'',591,48),(2043,1,'',592,48),(2044,1,'',593,48),(2045,1,'',594,48),(2046,1,'',595,48),(2047,1,'',596,48),(2048,1,'',597,48),(2049,0,'',598,48),(2050,1,'',599,48),(2051,0,'',600,48),(2052,1,'',601,48),(2053,0,'',602,48),(2054,1,'',603,48),(2055,1,'',604,48),(2056,1,'',605,48),(2057,1,'',606,48),(2058,1,'',607,48),(2059,1,'',608,48),(2060,1,'',546,49),(2061,1,'',547,49),(2062,1,'',548,49),(2063,1,'',549,49),(2064,1,'',550,49),(2065,1,'',551,49),(2066,1,'',552,49),(2067,1,'',553,49),(2068,1,'',554,49),(2069,1,'',555,49),(2070,1,'',556,49),(2071,0,'',557,49),(2072,1,'',558,49),(2073,1,'',559,49),(2074,1,'',560,49),(2075,1,'',561,49),(2076,1,'',562,49),(2077,1,'',563,49),(2078,1,'',564,49),(2079,1,'',565,49),(2080,0,'',566,49),(2081,1,'',567,49),(2082,1,'',568,49),(2083,1,'',569,49),(2084,1,'',570,49),(2085,1,'',571,49),(2086,1,'',572,49),(2087,1,'',573,49),(2088,1,'',574,49),(2089,1,'',575,49),(2090,1,'',576,49),(2091,1,'',577,49),(2092,1,'',578,49),(2093,1,'',579,49),(2094,1,'',580,49),(2095,1,'',581,49),(2096,1,'',582,49),(2097,1,'',583,49),(2098,0,'',584,49),(2099,1,'',585,49),(2100,1,'',586,49),(2101,1,'',587,49),(2102,0,'',588,49),(2103,1,'',589,49),(2104,1,'',590,49),(2105,0,'',591,49),(2106,1,'',592,49),(2107,0,'',593,49),(2108,1,'',594,49),(2109,1,'',595,49),(2110,1,'',596,49),(2111,1,'',597,49),(2112,0,'',598,49),(2113,1,'',599,49),(2114,1,'',600,49),(2115,1,'',601,49),(2116,1,'',602,49),(2117,1,'',603,49),(2118,0,'',604,49),(2119,1,'',605,49),(2120,1,'',606,49),(2121,1,'',607,49),(2122,1,'',608,49),(2198,0,'',157,51),(2199,1,'',158,51),(2200,0,'',159,51),(2201,1,'',160,51),(2202,1,'',161,51),(2203,1,'',162,51),(2204,1,'',163,51),(2205,1,'',164,51),(2206,1,'',165,51),(2207,1,'',166,51),(2208,0,'',167,51),(2209,1,'',168,51),(2210,1,'',169,51),(2211,1,'',170,51),(2212,1,'',171,51),(2213,1,'',172,51),(2214,1,'',173,51),(2215,1,'',174,51),(2216,0,'',175,51),(2217,1,'',176,51),(2218,1,'',177,51),(2219,1,'',178,51),(2220,0,'',179,51),(2221,0,'',180,51),(2222,1,'',181,51),(2223,0,'',182,51),(2224,1,'',183,51),(2225,0,'',184,51),(2226,0,'',185,51),(2227,1,'',186,51),(2228,1,'',187,51),(2229,1,'',188,51),(2230,1,'',189,51),(2231,1,'',190,51),(2232,1,'',191,51),(2233,0,'',192,51),(2234,1,'',193,51),(2235,1,'',194,51),(2236,1,'',195,51),(2237,1,'',196,51),(2238,0,'',197,51),(2239,1,'',198,51),(2240,1,'',199,51),(2241,1,'',200,51),(2242,1,'',201,51),(2243,0,'',202,51),(2244,1,'',203,51),(2245,1,'',204,51),(2246,1,'',205,51),(2247,1,'',206,51),(2248,1,'',207,51),(2249,1,'',208,51),(2250,1,'',209,51),(2251,1,'',210,51),(2252,1,'',211,51),(2253,1,'',212,51),(2254,1,'',213,51),(2255,0,'',214,51),(2256,0,'',215,51),(2257,1,'',216,51),(2258,1,'',217,51),(2259,1,'',218,51),(2260,1,'',219,51),(2261,1,'',220,51),(2262,1,'',221,51),(2263,1,'',222,51),(2264,1,'',223,51),(2265,1,'',224,51),(2266,1,'',225,51),(2267,1,'',226,51),(2268,1,'',227,51),(2269,0,'',228,51),(2270,1,'',229,51),(2271,1,'',230,51),(2272,1,'',231,51),(2273,0,'',232,51),(2274,0,'',81,52),(2275,0,'',82,52),(2276,1,'',83,52),(2277,1,'',84,52),(2278,1,'',85,52),(2279,1,'',86,52),(2280,0,'',87,52),(2281,1,'',88,52),(2282,1,'',89,52),(2283,0,'',90,52),(2284,1,'',91,52),(2285,1,'',92,52),(2286,0,'',93,52),(2287,0,'',94,52),(2288,0,'',95,52),(2289,1,'',96,52),(2290,1,'',97,52),(2291,1,'',98,52),(2292,1,'',99,52),(2293,1,'',100,52),(2294,0,'',101,52),(2295,1,'',102,52),(2296,1,'',103,52),(2297,0,'',104,52),(2298,1,'',105,52),(2299,1,'',106,52),(2300,1,'',107,52),(2301,1,'',108,52),(2302,1,'',109,52),(2303,1,'',110,52),(2304,0,'',111,52),(2305,1,'',112,52),(2306,1,'',113,52),(2307,0,'',114,52),(2308,0,'',115,52),(2309,1,'',116,52),(2310,1,'',117,52),(2311,0,'',118,52),(2312,1,'',119,52),(2313,0,'',120,52),(2314,1,'',121,52),(2315,0,'',122,52),(2316,1,'',123,52),(2317,0,'',124,52),(2318,0,'',125,52),(2319,1,'',126,52),(2320,1,'',127,52),(2321,1,'',128,52),(2322,0,'',129,52),(2323,0,'',130,52),(2324,1,'',131,52),(2325,1,'',132,52),(2326,1,'',133,52),(2327,1,'',134,52),(2328,0,'',135,52),(2329,1,'',136,52),(2330,0,'',137,52),(2331,1,'',138,52),(2332,0,'',139,52),(2333,1,'',140,52),(2334,1,'',141,52),(2335,0,'',142,52),(2336,1,'',143,52),(2337,1,'',144,52),(2338,1,'',145,52),(2339,1,'',146,52),(2340,1,'',147,52),(2341,1,'',148,52),(2342,1,'',149,52),(2343,1,'',150,52),(2344,1,'',151,52),(2345,1,'',152,52),(2346,1,'',153,52),(2347,0,'',154,52),(2348,1,'',155,52),(2349,1,'',235,53),(2350,0,'',236,53),(2351,1,'',237,53),(2352,1,'',238,53),(2353,1,'',239,53),(2354,1,'',240,53),(2355,1,'',241,53),(2356,1,'',242,53),(2357,1,'',243,53),(2358,1,'',244,53),(2359,1,'',245,53),(2360,1,'',246,53),(2361,1,'',247,53),(2362,1,'',248,53),(2363,1,'',249,53),(2364,1,'',250,53),(2365,1,'',251,53),(2366,1,'',252,53),(2367,1,'',253,53),(2368,1,'',254,53),(2369,1,'',255,53),(2370,1,'',256,53),(2371,1,'',257,53),(2372,1,'',258,53),(2373,0,'',259,53),(2374,1,'',260,53),(2375,1,'',261,53),(2376,1,'',262,53),(2377,1,'',263,53),(2378,1,'',264,53),(2379,1,'',265,53),(2380,1,'',266,53),(2381,0,'',267,53),(2382,1,'',268,53),(2383,0,'',269,53),(2384,1,'',270,53),(2385,1,'',271,53),(2386,1,'',272,53),(2387,1,'',273,53),(2388,1,'',274,53),(2389,1,'',275,53),(2390,1,'',276,53),(2391,1,'',277,53),(2392,1,'',278,53),(2393,1,'',279,53),(2394,1,'',280,53),(2395,1,'',281,53),(2396,1,'',282,53),(2397,1,'',283,53),(2398,1,'',284,53),(2399,1,'',285,53),(2400,1,'',286,53),(2401,1,'',287,53),(2402,1,'',288,53),(2403,1,'',289,53),(2404,1,'',290,53),(2405,1,'',291,53),(2406,1,'',292,53),(2407,1,'',293,53),(2408,0,'',294,53),(2409,0,'',295,53),(2410,1,'',296,53),(2411,1,'',297,53),(2412,1,'',298,53),(2413,0,'',299,53),(2414,1,'',300,53),(2415,1,'',301,53),(2416,1,'',302,53),(2417,1,'',303,53),(2418,1,'',304,53),(2419,1,'',305,53),(2420,1,'',306,53),(2421,1,'',307,53),(2422,1,'',308,53),(2423,1,'',309,53),(2424,0,'',235,54),(2425,0,'',236,54),(2426,1,'',237,54),(2427,1,'',238,54),(2428,0,'',239,54),(2429,1,'',240,54),(2430,1,'',241,54),(2431,1,'',242,54),(2432,1,'',243,54),(2433,1,'',244,54),(2434,1,'',245,54),(2435,1,'',246,54),(2436,1,'',247,54),(2437,1,'',248,54),(2438,1,'',249,54),(2439,1,'',250,54),(2440,0,'',251,54),(2441,0,'',252,54),(2442,1,'',253,54),(2443,1,'',254,54),(2444,1,'',255,54),(2445,1,'',256,54),(2446,1,'',257,54),(2447,0,'',258,54),(2448,0,'',259,54),(2449,1,'',260,54),(2450,1,'',261,54),(2451,1,'',262,54),(2452,1,'',263,54),(2453,1,'',264,54),(2454,1,'',265,54),(2455,1,'',266,54),(2456,1,'',267,54),(2457,1,'',268,54),(2458,1,'',269,54),(2459,1,'',270,54),(2460,1,'',271,54),(2461,1,'',272,54),(2462,1,'',273,54),(2463,1,'',274,54),(2464,1,'',275,54),(2465,1,'',276,54),(2466,1,'',277,54),(2467,1,'',278,54),(2468,1,'',279,54),(2469,1,'',280,54),(2470,1,'',281,54),(2471,1,'',282,54),(2472,1,'',283,54),(2473,0,'',284,54),(2474,1,'',285,54),(2475,0,'',286,54),(2476,1,'',287,54),(2477,1,'',288,54),(2478,1,'',289,54),(2479,1,'',290,54),(2480,1,'',291,54),(2481,1,'',292,54),(2482,1,'',293,54),(2483,1,'',294,54),(2484,1,'',295,54),(2485,0,'',296,54),(2486,1,'',297,54),(2487,1,'',298,54),(2488,1,'',299,54),(2489,1,'',300,54),(2490,1,'',301,54),(2491,1,'',302,54),(2492,0,'',303,54),(2493,1,'',304,54),(2494,0,'',305,54),(2495,1,'',306,54),(2496,0,'',307,54),(2497,1,'',308,54),(2498,0,'',309,54),(2499,1,'',81,55),(2500,1,'',82,55),(2501,1,'',83,55),(2502,1,'',84,55),(2503,1,'',85,55),(2504,1,'',86,55),(2505,0,'',87,55),(2506,1,'',88,55),(2507,1,'',89,55),(2508,0,'',90,55),(2509,1,'',91,55),(2510,1,'',92,55),(2511,0,'',93,55),(2512,0,'',94,55),(2513,0,'',95,55),(2514,1,'',96,55),(2515,0,'',97,55),(2516,1,'',98,55),(2517,0,'',99,55),(2518,1,'',100,55),(2519,1,'',101,55),(2520,1,'',102,55),(2521,1,'',103,55),(2522,1,'',104,55),(2523,1,'',105,55),(2524,1,'',106,55),(2525,0,'',107,55),(2526,1,'',108,55),(2527,1,'',109,55),(2528,1,'',110,55),(2529,1,'',111,55),(2530,1,'',112,55),(2531,0,'',113,55),(2532,1,'',114,55),(2533,0,'',115,55),(2534,0,'',116,55),(2535,1,'',117,55),(2536,1,'',118,55),(2537,1,'',119,55),(2538,0,'',120,55),(2539,1,'',121,55),(2540,0,'',122,55),(2541,1,'',123,55),(2542,0,'',124,55),(2543,0,'',125,55),(2544,1,'',126,55),(2545,1,'',127,55),(2546,1,'',128,55),(2547,1,'',129,55),(2548,1,'',130,55),(2549,1,'',131,55),(2550,0,'',132,55),(2551,1,'',133,55),(2552,1,'',134,55),(2553,0,'',135,55),(2554,1,'',136,55),(2555,0,'',137,55),(2556,0,'',138,55),(2557,1,'',139,55),(2558,1,'',140,55),(2559,1,'',141,55),(2560,0,'',142,55),(2561,1,'',143,55),(2562,0,'',144,55),(2563,0,'',145,55),(2564,0,'',146,55),(2565,1,'',147,55),(2566,1,'',148,55),(2567,1,'',149,55),(2568,1,'',150,55),(2569,1,'',151,55),(2570,1,'',152,55),(2571,1,'',153,55),(2572,0,'',154,55),(2573,1,'',155,55),(2574,0,NULL,42,56),(2575,0,NULL,43,56),(2576,1,NULL,44,56),(2577,1,NULL,45,56),(2578,1,NULL,46,56),(2579,1,NULL,47,56),(2580,1,NULL,48,56),(2581,1,NULL,49,56),(2582,1,NULL,50,56),(2583,0,NULL,51,56),(2584,1,NULL,52,56),(2585,1,NULL,53,56),(2586,1,NULL,54,56),(2587,1,NULL,55,56),(2588,1,NULL,56,56),(2589,1,NULL,57,56),(2590,1,NULL,58,56),(2591,1,NULL,59,56),(2592,1,NULL,60,56),(2593,1,NULL,61,56),(2594,1,NULL,62,56),(2595,1,NULL,63,56),(2596,1,NULL,64,56),(2597,1,NULL,65,56),(2598,1,NULL,66,56),(2599,1,NULL,67,56),(2600,1,NULL,68,56),(2601,1,NULL,69,56),(2602,1,NULL,70,56),(2603,1,NULL,71,56),(2604,1,NULL,72,56),(2605,1,NULL,73,56),(2606,1,NULL,74,56),(2607,1,NULL,75,56),(2608,1,NULL,76,56),(2609,1,NULL,77,56),(2610,1,NULL,78,56),(2611,0,'',157,57),(2612,1,'',158,57),(2613,1,'',159,57),(2614,1,'',160,57),(2615,1,'',161,57),(2616,1,'',162,57),(2617,1,'',163,57),(2618,1,'',164,57),(2619,1,'',165,57),(2620,1,'',166,57),(2621,0,'',167,57),(2622,1,'',168,57),(2623,1,'',169,57),(2624,1,'',170,57),(2625,1,'',171,57),(2626,1,'',172,57),(2627,1,'',173,57),(2628,0,'',174,57),(2629,0,'',175,57),(2630,1,'',176,57),(2631,1,'',177,57),(2632,1,'',178,57),(2633,1,'',179,57),(2634,0,'',180,57),(2635,0,'',181,57),(2636,0,'',182,57),(2637,1,'',183,57),(2638,1,'',184,57),(2639,0,'',185,57),(2640,1,'',186,57),(2641,0,'',187,57),(2642,1,'',188,57),(2643,1,'',189,57),(2644,1,'',190,57),(2645,1,'',191,57),(2646,0,'',192,57),(2647,0,'',193,57),(2648,0,'',194,57),(2649,0,'',195,57),(2650,1,'',196,57),(2651,1,'',197,57),(2652,1,'',198,57),(2653,1,'',199,57),(2654,1,'',200,57),(2655,1,'',201,57),(2656,1,'',202,57),(2657,1,'',203,57),(2658,1,'',204,57),(2659,1,'',205,57),(2660,1,'',206,57),(2661,1,'',207,57),(2662,1,'',208,57),(2663,1,'',209,57),(2664,1,'',210,57),(2665,1,'',211,57),(2666,1,'',212,57),(2667,1,'',213,57),(2668,1,'',214,57),(2669,1,'',215,57),(2670,1,'',216,57),(2671,0,'',217,57),(2672,1,'',218,57),(2673,1,'',219,57),(2674,1,'',220,57),(2675,1,'',221,57),(2676,1,'',222,57),(2677,1,'',223,57),(2678,1,'',224,57),(2679,1,'',225,57),(2680,1,'',226,57),(2681,1,'',227,57),(2682,1,'',228,57),(2683,1,'',229,57),(2684,1,'',230,57),(2685,1,'',231,57),(2686,0,'',232,57),(2687,0,'',157,58),(2688,1,'',158,58),(2689,1,'',159,58),(2690,1,'',160,58),(2691,1,'',161,58),(2692,1,'',162,58),(2693,1,'',163,58),(2694,1,'',164,58),(2695,1,'',165,58),(2696,1,'',166,58),(2697,0,'',167,58),(2698,1,'',168,58),(2699,1,'',169,58),(2700,1,'',170,58),(2701,1,'',171,58),(2702,1,'',172,58),(2703,1,'',173,58),(2704,1,'',174,58),(2705,1,'',175,58),(2706,1,'',176,58),(2707,1,'',177,58),(2708,1,'',178,58),(2709,1,'',179,58),(2710,0,'',180,58),(2711,0,'',181,58),(2712,0,'',182,58),(2713,1,'',183,58),(2714,1,'',184,58),(2715,0,'',185,58),(2716,1,'',186,58),(2717,0,'',187,58),(2718,1,'',188,58),(2719,1,'',189,58),(2720,1,'',190,58),(2721,1,'',191,58),(2722,0,'',192,58),(2723,0,'',193,58),(2724,0,'',194,58),(2725,0,'',195,58),(2726,0,'',196,58),(2727,1,'',197,58),(2728,1,'',198,58),(2729,1,'',199,58),(2730,1,'',200,58),(2731,1,'',201,58),(2732,1,'',202,58),(2733,1,'',203,58),(2734,1,'',204,58),(2735,1,'',205,58),(2736,1,'',206,58),(2737,1,'',207,58),(2738,1,'',208,58),(2739,1,'',209,58),(2740,1,'',210,58),(2741,1,'',211,58),(2742,1,'',212,58),(2743,1,'',213,58),(2744,1,'',214,58),(2745,1,'',215,58),(2746,1,'',216,58),(2747,0,'',217,58),(2748,1,'',218,58),(2749,1,'',219,58),(2750,1,'',220,58),(2751,1,'',221,58),(2752,1,'',222,58),(2753,1,'',223,58),(2754,1,'',224,58),(2755,1,'',225,58),(2756,1,'',226,58),(2757,1,'',227,58),(2758,1,'',228,58),(2759,1,'',229,58),(2760,1,'',230,58),(2761,1,'',231,58),(2762,0,'',232,58),(2763,1,'',235,59),(2764,0,'',236,59),(2765,1,'',237,59),(2766,1,'',238,59),(2767,1,'',239,59),(2768,1,'',240,59),(2769,1,'',241,59),(2770,0,'',242,59),(2771,1,'',243,59),(2772,1,'',244,59),(2773,1,'',245,59),(2774,0,'',246,59),(2775,1,'',247,59),(2776,1,'',248,59),(2777,1,'',249,59),(2778,1,'',250,59),(2779,1,'',251,59),(2780,1,'',252,59),(2781,1,'',253,59),(2782,1,'',254,59),(2783,1,'',255,59),(2784,1,'',256,59),(2785,0,'',257,59),(2786,1,'',258,59),(2787,1,'',259,59),(2788,1,'',260,59),(2789,1,'',261,59),(2790,0,'',262,59),(2791,1,'',263,59),(2792,1,'',264,59),(2793,0,'',265,59),(2794,1,'',266,59),(2795,1,'',267,59),(2796,1,'',268,59),(2797,1,'',269,59),(2798,1,'',270,59),(2799,1,'',271,59),(2800,0,'',272,59),(2801,0,'',273,59),(2802,1,'',274,59),(2803,0,'',275,59),(2804,1,'',276,59),(2805,1,'',277,59),(2806,1,'',278,59),(2807,1,'',279,59),(2808,1,'',280,59),(2809,0,'',281,59),(2810,1,'',282,59),(2811,1,'',283,59),(2812,1,'',284,59),(2813,1,'',285,59),(2814,1,'',286,59),(2815,0,'',287,59),(2816,1,'',288,59),(2817,1,'',289,59),(2818,1,'',290,59),(2819,1,'',291,59),(2820,0,'',292,59),(2821,1,'',293,59),(2822,1,'',294,59),(2823,1,'',295,59),(2824,1,'',296,59),(2825,1,'',297,59),(2826,0,'',298,59),(2827,1,'',299,59),(2828,1,'',300,59),(2829,1,'',301,59),(2830,1,'',302,59),(2831,1,'',303,59),(2832,1,'',304,59),(2833,1,'',305,59),(2834,1,'',306,59),(2835,1,'',307,59),(2836,1,'',308,59),(2837,1,'',309,59),(2838,1,'',235,60),(2839,0,'',236,60),(2840,1,'',237,60),(2841,1,'',238,60),(2842,1,'',239,60),(2843,1,'',240,60),(2844,1,'',241,60),(2845,1,'',242,60),(2846,1,'',243,60),(2847,1,'',244,60),(2848,1,'',245,60),(2849,1,'',246,60),(2850,1,'',247,60),(2851,1,'',248,60),(2852,1,'',249,60),(2853,1,'',250,60),(2854,1,'',251,60),(2855,1,'',252,60),(2856,1,'',253,60),(2857,1,'',254,60),(2858,1,'',255,60),(2859,1,'',256,60),(2860,1,'',257,60),(2861,0,'',258,60),(2862,0,'',259,60),(2863,0,'',260,60),(2864,1,'',261,60),(2865,1,'',262,60),(2866,1,'',263,60),(2867,1,'',264,60),(2868,1,'',265,60),(2869,1,'',266,60),(2870,1,'',267,60),(2871,0,'',268,60),(2872,1,'',269,60),(2873,1,'',270,60),(2874,1,'',271,60),(2875,1,'',272,60),(2876,1,'',273,60),(2877,0,'',274,60),(2878,1,'',275,60),(2879,1,'',276,60),(2880,1,'',277,60),(2881,1,'',278,60),(2882,1,'',279,60),(2883,1,'',280,60),(2884,1,'',281,60),(2885,1,'',282,60),(2886,1,'',283,60),(2887,1,'',284,60),(2888,1,'',285,60),(2889,1,'',286,60),(2890,1,'',287,60),(2891,1,'',288,60),(2892,1,'',289,60),(2893,1,'',290,60),(2894,1,'',291,60),(2895,1,'',292,60),(2896,1,'',293,60),(2897,1,'',294,60),(2898,1,'',295,60),(2899,1,'',296,60),(2900,1,'',297,60),(2901,1,'',298,60),(2902,1,'',299,60),(2903,1,'',300,60),(2904,1,'',301,60),(2905,1,'',302,60),(2906,1,'',303,60),(2907,1,'',304,60),(2908,1,'',305,60),(2909,1,'',306,60),(2910,1,'',307,60),(2911,0,'',308,60),(2912,1,'',309,60),(2913,1,'',235,61),(2914,0,'',236,61),(2915,0,'',237,61),(2916,1,'',238,61),(2917,1,'',239,61),(2918,1,'',240,61),(2919,1,'',241,61),(2920,1,'',242,61),(2921,1,'',243,61),(2922,1,'',244,61),(2923,1,'',245,61),(2924,1,'',246,61),(2925,1,'',247,61),(2926,1,'',248,61),(2927,1,'',249,61),(2928,1,'',250,61),(2929,1,'',251,61),(2930,1,'',252,61),(2931,1,'',253,61),(2932,1,'',254,61),(2933,1,'',255,61),(2934,1,'',256,61),(2935,1,'',257,61),(2936,0,'',258,61),(2937,1,'',259,61),(2938,1,'',260,61),(2939,1,'',261,61),(2940,1,'',262,61),(2941,1,'',263,61),(2942,1,'',264,61),(2943,1,'',265,61),(2944,1,'',266,61),(2945,1,'',267,61),(2946,0,'',268,61),(2947,1,'',269,61),(2948,1,'',270,61),(2949,1,'',271,61),(2950,1,'',272,61),(2951,1,'',273,61),(2952,1,'',274,61),(2953,1,'',275,61),(2954,1,'',276,61),(2955,1,'',277,61),(2956,1,'',278,61),(2957,1,'',279,61),(2958,1,'',280,61),(2959,1,'',281,61),(2960,1,'',282,61),(2961,1,'',283,61),(2962,1,'',284,61),(2963,1,'',285,61),(2964,0,'',286,61),(2965,1,'',287,61),(2966,1,'',288,61),(2967,1,'',289,61),(2968,1,'',290,61),(2969,1,'',291,61),(2970,1,'',292,61),(2971,1,'',293,61),(2972,1,'',294,61),(2973,1,'',295,61),(2974,1,'',296,61),(2975,1,'',297,61),(2976,1,'',298,61),(2977,0,'',299,61),(2978,1,'',300,61),(2979,1,'',301,61),(2980,1,'',302,61),(2981,1,'',303,61),(2982,1,'',304,61),(2983,1,'',305,61),(2984,1,'',306,61),(2985,1,'',307,61),(2986,1,'',308,61),(2987,1,'',309,61),(2988,1,'',235,62),(2989,1,'',236,62),(2990,0,'',237,62),(2991,1,'',238,62),(2992,1,'',239,62),(2993,1,'',240,62),(2994,1,'',241,62),(2995,1,'',242,62),(2996,1,'',243,62),(2997,1,'',244,62),(2998,1,'',245,62),(2999,1,'',246,62),(3000,1,'',247,62),(3001,1,'',248,62),(3002,0,'',249,62),(3003,1,'',250,62),(3004,0,'',251,62),(3005,1,'',252,62),(3006,1,'',253,62),(3007,1,'',254,62),(3008,1,'',255,62),(3009,1,'',256,62),(3010,1,'',257,62),(3011,0,'',258,62),(3012,0,'',259,62),(3013,1,'',260,62),(3014,1,'',261,62),(3015,1,'',262,62),(3016,0,'',263,62),(3017,1,'',264,62),(3018,1,'',265,62),(3019,1,'',266,62),(3020,1,'',267,62),(3021,0,'',268,62),(3022,1,'',269,62),(3023,1,'',270,62),(3024,1,'',271,62),(3025,1,'',272,62),(3026,0,'',273,62),(3027,1,'',274,62),(3028,1,'',275,62),(3029,1,'',276,62),(3030,1,'',277,62),(3031,1,'',278,62),(3032,1,'',279,62),(3033,1,'',280,62),(3034,1,'',281,62),(3035,1,'',282,62),(3036,1,'',283,62),(3037,1,'',284,62),(3038,1,'',285,62),(3039,1,'',286,62),(3040,1,'',287,62),(3041,0,'',288,62),(3042,1,'',289,62),(3043,1,'',290,62),(3044,1,'',291,62),(3045,1,'',292,62),(3046,0,'',293,62),(3047,1,'',294,62),(3048,1,'',295,62),(3049,1,'',296,62),(3050,1,'',297,62),(3051,1,'',298,62),(3052,0,'',299,62),(3053,0,'',300,62),(3054,1,'',301,62),(3055,1,'',302,62),(3056,1,'',303,62),(3057,1,'',304,62),(3058,1,'',305,62),(3059,1,'',306,62),(3060,1,'',307,62),(3061,1,'',308,62),(3062,1,'',309,62),(3063,1,'',235,63),(3064,1,'',236,63),(3065,1,'',237,63),(3066,1,'',238,63),(3067,1,'',239,63),(3068,1,'',240,63),(3069,1,'',241,63),(3070,1,'',242,63),(3071,1,'',243,63),(3072,1,'',244,63),(3073,1,'',245,63),(3074,1,'',246,63),(3075,0,'',247,63),(3076,1,'',248,63),(3077,0,'',249,63),(3078,1,'',250,63),(3079,1,'',251,63),(3080,1,'',252,63),(3081,1,'',253,63),(3082,1,'',254,63),(3083,1,'',255,63),(3084,1,'',256,63),(3085,0,'',257,63),(3086,0,'',258,63),(3087,1,'',259,63),(3088,1,'',260,63),(3089,1,'',261,63),(3090,1,'',262,63),(3091,1,'',263,63),(3092,1,'',264,63),(3093,1,'',265,63),(3094,0,'',266,63),(3095,1,'',267,63),(3096,1,'',268,63),(3097,1,'',269,63),(3098,1,'',270,63),(3099,1,'',271,63),(3100,1,'',272,63),(3101,0,'',273,63),(3102,1,'',274,63),(3103,1,'',275,63),(3104,1,'',276,63),(3105,1,'',277,63),(3106,1,'',278,63),(3107,1,'',279,63),(3108,1,'',280,63),(3109,1,'',281,63),(3110,1,'',282,63),(3111,1,'',283,63),(3112,1,'',284,63),(3113,1,'',285,63),(3114,1,'',286,63),(3115,1,'',287,63),(3116,1,'',288,63),(3117,1,'',289,63),(3118,1,'',290,63),(3119,1,'',291,63),(3120,1,'',292,63),(3121,0,'',293,63),(3122,1,'',294,63),(3123,1,'',295,63),(3124,1,'',296,63),(3125,1,'',297,63),(3126,1,'',298,63),(3127,0,'',299,63),(3128,1,'',300,63),(3129,1,'',301,63),(3130,1,'',302,63),(3131,1,'',303,63),(3132,1,'',304,63),(3133,1,'',305,63),(3134,1,'',306,63),(3135,1,'',307,63),(3136,1,'',308,63),(3137,1,'',309,63),(3138,1,'',235,64),(3139,0,'',236,64),(3140,1,'',237,64),(3141,1,'',238,64),(3142,1,'',239,64),(3143,1,'',240,64),(3144,1,'',241,64),(3145,0,'',242,64),(3146,1,'',243,64),(3147,1,'',244,64),(3148,1,'',245,64),(3149,0,'',246,64),(3150,1,'',247,64),(3151,1,'',248,64),(3152,1,'',249,64),(3153,1,'',250,64),(3154,1,'',251,64),(3155,1,'',252,64),(3156,1,'',253,64),(3157,1,'',254,64),(3158,1,'',255,64),(3159,1,'',256,64),(3160,0,'',257,64),(3161,1,'',258,64),(3162,1,'',259,64),(3163,1,'',260,64),(3164,1,'',261,64),(3165,0,'',262,64),(3166,1,'',263,64),(3167,1,'',264,64),(3168,0,'',265,64),(3169,1,'',266,64),(3170,1,'',267,64),(3171,1,'',268,64),(3172,1,'',269,64),(3173,1,'',270,64),(3174,1,'',271,64),(3175,0,'',272,64),(3176,0,'',273,64),(3177,1,'',274,64),(3178,0,'',275,64),(3179,1,'',276,64),(3180,1,'',277,64),(3181,1,'',278,64),(3182,1,'',279,64),(3183,1,'',280,64),(3184,0,'',281,64),(3185,1,'',282,64),(3186,1,'',283,64),(3187,1,'',284,64),(3188,1,'',285,64),(3189,1,'',286,64),(3190,0,'',287,64),(3191,1,'',288,64),(3192,1,'',289,64),(3193,1,'',290,64),(3194,1,'',291,64),(3195,0,'',292,64),(3196,1,'',293,64),(3197,1,'',294,64),(3198,1,'',295,64),(3199,1,'',296,64),(3200,1,'',297,64),(3201,0,'',298,64),(3202,1,'',299,64),(3203,1,'',300,64),(3204,1,'',301,64),(3205,1,'',302,64),(3206,1,'',303,64),(3207,1,'',304,64),(3208,1,'',305,64),(3209,1,'',306,64),(3210,1,'',307,64),(3211,1,'',308,64),(3212,1,'',309,64),(3213,1,'',235,65),(3214,1,'',236,65),(3215,1,'',237,65),(3216,1,'',238,65),(3217,1,'',239,65),(3218,1,'',240,65),(3219,1,'',241,65),(3220,1,'',242,65),(3221,1,'',243,65),(3222,1,'',244,65),(3223,1,'',245,65),(3224,1,'',246,65),(3225,1,'',247,65),(3226,0,'',248,65),(3227,1,'',249,65),(3228,1,'',250,65),(3229,1,'',251,65),(3230,1,'',252,65),(3231,0,'',253,65),(3232,1,'',254,65),(3233,1,'',255,65),(3234,1,'',256,65),(3235,1,'',257,65),(3236,1,'',258,65),(3237,1,'',259,65),(3238,1,'',260,65),(3239,1,'',261,65),(3240,1,'',262,65),(3241,1,'',263,65),(3242,1,'',264,65),(3243,1,'',265,65),(3244,1,'',266,65),(3245,1,'',267,65),(3246,1,'',268,65),(3247,1,'',269,65),(3248,1,'',270,65),(3249,1,'',271,65),(3250,1,'',272,65),(3251,1,'',273,65),(3252,1,'',274,65),(3253,1,'',275,65),(3254,1,'',276,65),(3255,1,'',277,65),(3256,0,'',278,65),(3257,1,'',279,65),(3258,1,'',280,65),(3259,1,'',281,65),(3260,1,'',282,65),(3261,1,'',283,65),(3262,1,'',284,65),(3263,0,'',285,65),(3264,1,'',286,65),(3265,1,'',287,65),(3266,1,'',288,65),(3267,1,'',289,65),(3268,1,'',290,65),(3269,1,'',291,65),(3270,1,'',292,65),(3271,1,'',293,65),(3272,1,'',294,65),(3273,1,'',295,65),(3274,1,'',296,65),(3275,1,'',297,65),(3276,1,'',298,65),(3277,1,'',299,65),(3278,1,'',300,65),(3279,1,'',301,65),(3280,1,'',302,65),(3281,1,'',303,65),(3282,0,'',304,65),(3283,0,'',305,65),(3284,1,'',306,65),(3285,1,'',307,65),(3286,1,'',308,65),(3287,1,'',309,65),(3288,1,'',235,66),(3289,1,'',236,66),(3290,1,'',237,66),(3291,1,'',238,66),(3292,1,'',239,66),(3293,1,'',240,66),(3294,1,'',241,66),(3295,1,'',242,66),(3296,1,'',243,66),(3297,1,'',244,66),(3298,1,'',245,66),(3299,1,'',246,66),(3300,1,'',247,66),(3301,1,'',248,66),(3302,1,'',249,66),(3303,1,'',250,66),(3304,1,'',251,66),(3305,1,'',252,66),(3306,1,'',253,66),(3307,1,'',254,66),(3308,1,'',255,66),(3309,1,'',256,66),(3310,0,'',257,66),(3311,0,'',258,66),(3312,1,'',259,66),(3313,1,'',260,66),(3314,1,'',261,66),(3315,0,'',262,66),(3316,1,'',263,66),(3317,1,'',264,66),(3318,1,'',265,66),(3319,1,'',266,66),(3320,1,'',267,66),(3321,1,'',268,66),(3322,1,'',269,66),(3323,1,'',270,66),(3324,1,'',271,66),(3325,1,'',272,66),(3326,1,'',273,66),(3327,1,'',274,66),(3328,1,'',275,66),(3329,1,'',276,66),(3330,1,'',277,66),(3331,1,'',278,66),(3332,1,'',279,66),(3333,1,'',280,66),(3334,1,'',281,66),(3335,1,'',282,66),(3336,1,'',283,66),(3337,1,'',284,66),(3338,1,'',285,66),(3339,1,'',286,66),(3340,1,'',287,66),(3341,0,'',288,66),(3342,1,'',289,66),(3343,1,'',290,66),(3344,1,'',291,66),(3345,1,'',292,66),(3346,1,'',293,66),(3347,1,'',294,66),(3348,1,'',295,66),(3349,0,'',296,66),(3350,1,'',297,66),(3351,1,'',298,66),(3352,1,'',299,66),(3353,1,'',300,66),(3354,1,'',301,66),(3355,1,'',302,66),(3356,0,'',303,66),(3357,0,'',304,66),(3358,1,'',305,66),(3359,1,'',306,66),(3360,1,'',307,66),(3361,1,'',308,66),(3362,1,'',309,66),(3363,1,'',235,67),(3364,0,'',236,67),(3365,1,'',237,67),(3366,1,'',238,67),(3367,1,'',239,67),(3368,1,'',240,67),(3369,1,'',241,67),(3370,1,'',242,67),(3371,1,'',243,67),(3372,1,'',244,67),(3373,1,'',245,67),(3374,1,'',246,67),(3375,1,'',247,67),(3376,1,'',248,67),(3377,0,'',249,67),(3378,1,'',250,67),(3379,1,'',251,67),(3380,1,'',252,67),(3381,1,'',253,67),(3382,1,'',254,67),(3383,1,'',255,67),(3384,1,'',256,67),(3385,1,'',257,67),(3386,1,'',258,67),(3387,1,'',259,67),(3388,0,'',260,67),(3389,1,'',261,67),(3390,1,'',262,67),(3391,1,'',263,67),(3392,1,'',264,67),(3393,1,'',265,67),(3394,1,'',266,67),(3395,1,'',267,67),(3396,0,'',268,67),(3397,1,'',269,67),(3398,1,'',270,67),(3399,1,'',271,67),(3400,1,'',272,67),(3401,1,'',273,67),(3402,1,'',274,67),(3403,1,'',275,67),(3404,1,'',276,67),(3405,1,'',277,67),(3406,0,'',278,67),(3407,1,'',279,67),(3408,1,'',280,67),(3409,1,'',281,67),(3410,1,'',282,67),(3411,1,'',283,67),(3412,1,'',284,67),(3413,1,'',285,67),(3414,0,'',286,67),(3415,0,'',287,67),(3416,1,'',288,67),(3417,0,'',289,67),(3418,1,'',290,67),(3419,1,'',291,67),(3420,1,'',292,67),(3421,1,'',293,67),(3422,1,'',294,67),(3423,1,'',295,67),(3424,1,'',296,67),(3425,1,'',297,67),(3426,1,'',298,67),(3427,1,'',299,67),(3428,1,'',300,67),(3429,1,'',301,67),(3430,0,'',302,67),(3431,1,'',303,67),(3432,0,'',304,67),(3433,1,'',305,67),(3434,1,'',306,67),(3435,1,'',307,67),(3436,1,'',308,67),(3437,1,'',309,67),(3438,0,'',235,68),(3439,0,'',236,68),(3440,1,'',237,68),(3441,0,'',238,68),(3442,1,'',239,68),(3443,1,'',240,68),(3444,1,'',241,68),(3445,1,'',242,68),(3446,1,'',243,68),(3447,1,'',244,68),(3448,1,'',245,68),(3449,1,'',246,68),(3450,0,'',247,68),(3451,1,'',248,68),(3452,1,'',249,68),(3453,1,'',250,68),(3454,1,'',251,68),(3455,1,'',252,68),(3456,1,'',253,68),(3457,1,'',254,68),(3458,0,'',255,68),(3459,1,'',256,68),(3460,1,'',257,68),(3461,1,'',258,68),(3462,0,'',259,68),(3463,1,'',260,68),(3464,1,'',261,68),(3465,1,'',262,68),(3466,0,'',263,68),(3467,1,'',264,68),(3468,1,'',265,68),(3469,1,'',266,68),(3470,1,'',267,68),(3471,0,'',268,68),(3472,1,'',269,68),(3473,1,'',270,68),(3474,1,'',271,68),(3475,0,'',272,68),(3476,0,'',273,68),(3477,1,'',274,68),(3478,1,'',275,68),(3479,1,'',276,68),(3480,1,'',277,68),(3481,1,'',278,68),(3482,1,'',279,68),(3483,1,'',280,68),(3484,0,'',281,68),(3485,0,'',282,68),(3486,1,'',283,68),(3487,1,'',284,68),(3488,1,'',285,68),(3489,1,'',286,68),(3490,1,'',287,68),(3491,0,'',288,68),(3492,1,'',289,68),(3493,0,'',290,68),(3494,1,'',291,68),(3495,1,'',292,68),(3496,1,'',293,68),(3497,1,'',294,68),(3498,1,'',295,68),(3499,1,'',296,68),(3500,1,'',297,68),(3501,1,'',298,68),(3502,1,'',299,68),(3503,1,'',300,68),(3504,1,'',301,68),(3505,1,'',302,68),(3506,1,'',303,68),(3507,1,'',304,68),(3508,1,'',305,68),(3509,1,'',306,68),(3510,1,'',307,68),(3511,1,'',308,68),(3512,1,'',309,68),(3513,0,'',235,69),(3514,0,'',236,69),(3515,1,'',237,69),(3516,1,'',238,69),(3517,1,'',239,69),(3518,1,'',240,69),(3519,1,'',241,69),(3520,1,'',242,69),(3521,0,'',243,69),(3522,1,'',244,69),(3523,0,'',245,69),(3524,1,'',246,69),(3525,1,'',247,69),(3526,0,'',248,69),(3527,0,'',249,69),(3528,1,'',250,69),(3529,1,'',251,69),(3530,0,'',252,69),(3531,0,'',253,69),(3532,1,'',254,69),(3533,1,'',255,69),(3534,0,'',256,69),(3535,1,'',257,69),(3536,0,'',258,69),(3537,0,'',259,69),(3538,1,'',260,69),(3539,1,'',261,69),(3540,0,'',262,69),(3541,1,'',263,69),(3542,1,'',264,69),(3543,1,'',265,69),(3544,1,'',266,69),(3545,1,'',267,69),(3546,1,'',268,69),(3547,1,'',269,69),(3548,1,'',270,69),(3549,0,'',271,69),(3550,0,'',272,69),(3551,1,'',273,69),(3552,1,'',274,69),(3553,1,'',275,69),(3554,0,'',276,69),(3555,1,'',277,69),(3556,1,'',278,69),(3557,1,'',279,69),(3558,1,'',280,69),(3559,0,'',281,69),(3560,0,'',282,69),(3561,1,'',283,69),(3562,1,'',284,69),(3563,1,'',285,69),(3564,0,'',286,69),(3565,1,'',287,69),(3566,1,'',288,69),(3567,0,'',289,69),(3568,1,'',290,69),(3569,1,'',291,69),(3570,1,'',292,69),(3571,0,'',293,69),(3572,1,'',294,69),(3573,1,'',295,69),(3574,1,'',296,69),(3575,1,'',297,69),(3576,1,'',298,69),(3577,1,'',299,69),(3578,0,'',300,69),(3579,1,'',301,69),(3580,0,'',302,69),(3581,0,'',303,69),(3582,1,'',304,69),(3583,1,'',305,69),(3584,1,'',306,69),(3585,1,'',307,69),(3586,0,'',308,69),(3587,1,'',309,69),(3588,1,'',235,70),(3589,0,'',236,70),(3590,1,'',237,70),(3591,1,'',238,70),(3592,1,'',239,70),(3593,1,'',240,70),(3594,1,'',241,70),(3595,1,'',242,70),(3596,0,'',243,70),(3597,0,'',244,70),(3598,1,'',245,70),(3599,1,'',246,70),(3600,1,'',247,70),(3601,1,'',248,70),(3602,1,'',249,70),(3603,1,'',250,70),(3604,1,'',251,70),(3605,1,'',252,70),(3606,0,'',253,70),(3607,1,'',254,70),(3608,1,'',255,70),(3609,1,'',256,70),(3610,0,'',257,70),(3611,0,'',258,70),(3612,0,'',259,70),(3613,0,'',260,70),(3614,1,'',261,70),(3615,1,'',262,70),(3616,1,'',263,70),(3617,1,'',264,70),(3618,1,'',265,70),(3619,1,'',266,70),(3620,1,'',267,70),(3621,1,'',268,70),(3622,1,'',269,70),(3623,1,'',270,70),(3624,1,'',271,70),(3625,1,'',272,70),(3626,1,'',273,70),(3627,1,'',274,70),(3628,1,'',275,70),(3629,1,'',276,70),(3630,1,'',277,70),(3631,1,'',278,70),(3632,0,'',279,70),(3633,1,'',280,70),(3634,1,'',281,70),(3635,0,'',282,70),(3636,1,'',283,70),(3637,1,'',284,70),(3638,1,'',285,70),(3639,0,'',286,70),(3640,0,'',287,70),(3641,1,'',288,70),(3642,1,'',289,70),(3643,1,'',290,70),(3644,1,'',291,70),(3645,1,'',292,70),(3646,0,'',293,70),(3647,1,'',294,70),(3648,1,'',295,70),(3649,1,'',296,70),(3650,1,'',297,70),(3651,1,'',298,70),(3652,1,'',299,70),(3653,0,'',300,70),(3654,1,'',301,70),(3655,1,'',302,70),(3656,1,'',303,70),(3657,1,'',304,70),(3658,1,'',305,70),(3659,1,'',306,70),(3660,1,'',307,70),(3661,0,'',308,70),(3662,1,'',309,70),(3663,1,'',235,71),(3664,1,'',236,71),(3665,0,'',237,71),(3666,1,'',238,71),(3667,0,'',239,71),(3668,0,'',240,71),(3669,1,'',241,71),(3670,0,'',242,71),(3671,1,'',243,71),(3672,1,'',244,71),(3673,1,'',245,71),(3674,1,'',246,71),(3675,0,'',247,71),(3676,1,'',248,71),(3677,1,'',249,71),(3678,0,'',250,71),(3679,1,'',251,71),(3680,1,'',252,71),(3681,0,'',253,71),(3682,1,'',254,71),(3683,1,'',255,71),(3684,1,'',256,71),(3685,0,'',257,71),(3686,1,'',258,71),(3687,0,'',259,71),(3688,1,'',260,71),(3689,1,'',261,71),(3690,1,'',262,71),(3691,0,'',263,71),(3692,1,'',264,71),(3693,1,'',265,71),(3694,1,'',266,71),(3695,1,'',267,71),(3696,0,'',268,71),(3697,1,'',269,71),(3698,1,'',270,71),(3699,0,'',271,71),(3700,1,'',272,71),(3701,1,'',273,71),(3702,1,'',274,71),(3703,1,'',275,71),(3704,1,'',276,71),(3705,1,'',277,71),(3706,1,'',278,71),(3707,1,'',279,71),(3708,0,'',280,71),(3709,1,'',281,71),(3710,1,'',282,71),(3711,1,'',283,71),(3712,1,'',284,71),(3713,1,'',285,71),(3714,1,'',286,71),(3715,1,'',287,71),(3716,0,'',288,71),(3717,1,'',289,71),(3718,1,'',290,71),(3719,1,'',291,71),(3720,0,'',292,71),(3721,1,'',293,71),(3722,1,'',294,71),(3723,1,'',295,71),(3724,1,'',296,71),(3725,0,'',297,71),(3726,1,'',298,71),(3727,1,'',299,71),(3728,1,'',300,71),(3729,1,'',301,71),(3730,1,'',302,71),(3731,1,'',303,71),(3732,1,'',304,71),(3733,1,'',305,71),(3734,1,'',306,71),(3735,1,'',307,71),(3736,1,'',308,71),(3737,1,'',309,71),(3738,0,'',235,72),(3739,0,'',236,72),(3740,1,'',237,72),(3741,0,'',238,72),(3742,1,'',239,72),(3743,1,'',240,72),(3744,1,'',241,72),(3745,1,'',242,72),(3746,1,'',243,72),(3747,0,'',244,72),(3748,1,'',245,72),(3749,1,'',246,72),(3750,1,'',247,72),(3751,0,'',248,72),(3752,1,'',249,72),(3753,1,'',250,72),(3754,0,'',251,72),(3755,0,'',252,72),(3756,0,'',253,72),(3757,0,'',254,72),(3758,1,'',255,72),(3759,1,'',256,72),(3760,1,'',257,72),(3761,1,'',258,72),(3762,0,'',259,72),(3763,1,'',260,72),(3764,1,'',261,72),(3765,1,'',262,72),(3766,1,'',263,72),(3767,1,'',264,72),(3768,1,'',265,72),(3769,1,'',266,72),(3770,1,'',267,72),(3771,0,'',268,72),(3772,0,'',269,72),(3773,0,'',270,72),(3774,0,'',271,72),(3775,1,'',272,72),(3776,1,'',273,72),(3777,0,'',274,72),(3778,1,'',275,72),(3779,1,'',276,72),(3780,1,'',277,72),(3781,0,'',278,72),(3782,1,'',279,72),(3783,1,'',280,72),(3784,1,'',281,72),(3785,1,'',282,72),(3786,1,'',283,72),(3787,1,'',284,72),(3788,1,'',285,72),(3789,0,'',286,72),(3790,0,'',287,72),(3791,1,'',288,72),(3792,0,'',289,72),(3793,1,'',290,72),(3794,1,'',291,72),(3795,1,'',292,72),(3796,1,'',293,72),(3797,0,'',294,72),(3798,0,'',295,72),(3799,0,'',296,72),(3800,1,'',297,72),(3801,0,'',298,72),(3802,1,'',299,72),(3803,1,'',300,72),(3804,1,'',301,72),(3805,1,'',302,72),(3806,1,'',303,72),(3807,1,'',304,72),(3808,0,'',305,72),(3809,1,'',306,72),(3810,1,'',307,72),(3811,1,'',308,72),(3812,0,'',309,72),(3813,1,'',235,73),(3814,1,'',236,73),(3815,1,'',237,73),(3816,0,'',238,73),(3817,1,'',239,73),(3818,1,'',240,73),(3819,0,'',241,73),(3820,1,'',242,73),(3821,1,'',243,73),(3822,1,'',244,73),(3823,1,'',245,73),(3824,1,'',246,73),(3825,0,'',247,73),(3826,0,'',248,73),(3827,1,'',249,73),(3828,1,'',250,73),(3829,1,'',251,73),(3830,0,'',252,73),(3831,1,'',253,73),(3832,1,'',254,73),(3833,0,'',255,73),(3834,0,'',256,73),(3835,1,'',257,73),(3836,1,'',258,73),(3837,0,'',259,73),(3838,1,'',260,73),(3839,1,'',261,73),(3840,1,'',262,73),(3841,1,'',263,73),(3842,1,'',264,73),(3843,1,'',265,73),(3844,1,'',266,73),(3845,1,'',267,73),(3846,0,'',268,73),(3847,1,'',269,73),(3848,1,'',270,73),(3849,1,'',271,73),(3850,1,'',272,73),(3851,1,'',273,73),(3852,0,'',274,73),(3853,1,'',275,73),(3854,1,'',276,73),(3855,1,'',277,73),(3856,1,'',278,73),(3857,1,'',279,73),(3858,1,'',280,73),(3859,1,'',281,73),(3860,0,'',282,73),(3861,1,'',283,73),(3862,1,'',284,73),(3863,1,'',285,73),(3864,1,'',286,73),(3865,1,'',287,73),(3866,1,'',288,73),(3867,1,'',289,73),(3868,1,'',290,73),(3869,1,'',291,73),(3870,1,'',292,73),(3871,1,'',293,73),(3872,1,'',294,73),(3873,1,'',295,73),(3874,1,'',296,73),(3875,0,'',297,73),(3876,1,'',298,73),(3877,1,'',299,73),(3878,0,'',300,73),(3879,1,'',301,73),(3880,1,'',302,73),(3881,1,'',303,73),(3882,1,'',304,73),(3883,1,'',305,73),(3884,1,'',306,73),(3885,1,'',307,73),(3886,0,'',308,73),(3887,1,'',309,73),(3888,1,'',235,74),(3889,0,'',236,74),(3890,1,'',237,74),(3891,1,'',238,74),(3892,1,'',239,74),(3893,1,'',240,74),(3894,1,'',241,74),(3895,1,'',242,74),(3896,1,'',243,74),(3897,1,'',244,74),(3898,1,'',245,74),(3899,1,'',246,74),(3900,1,'',247,74),(3901,1,'',248,74),(3902,1,'',249,74),(3903,1,'',250,74),(3904,1,'',251,74),(3905,1,'',252,74),(3906,1,'',253,74),(3907,1,'',254,74),(3908,1,'',255,74),(3909,1,'',256,74),(3910,0,'',257,74),(3911,0,'',258,74),(3912,1,'',259,74),(3913,1,'',260,74),(3914,1,'',261,74),(3915,1,'',262,74),(3916,1,'',263,74),(3917,1,'',264,74),(3918,1,'',265,74),(3919,1,'',266,74),(3920,1,'',267,74),(3921,0,'',268,74),(3922,1,'',269,74),(3923,1,'',270,74),(3924,1,'',271,74),(3925,1,'',272,74),(3926,1,'',273,74),(3927,1,'',274,74),(3928,1,'',275,74),(3929,1,'',276,74),(3930,0,'',277,74),(3931,1,'',278,74),(3932,0,'',279,74),(3933,1,'',280,74),(3934,0,'',281,74),(3935,1,'',282,74),(3936,1,'',283,74),(3937,1,'',284,74),(3938,1,'',285,74),(3939,1,'',286,74),(3940,1,'',287,74),(3941,0,'',288,74),(3942,1,'',289,74),(3943,1,'',290,74),(3944,1,'',291,74),(3945,1,'',292,74),(3946,1,'',293,74),(3947,1,'',294,74),(3948,1,'',295,74),(3949,1,'',296,74),(3950,1,'',297,74),(3951,1,'',298,74),(3952,1,'',299,74),(3953,1,'',300,74),(3954,1,'',301,74),(3955,1,'',302,74),(3956,1,'',303,74),(3957,1,'',304,74),(3958,0,'',305,74),(3959,1,'',306,74),(3960,1,'',307,74),(3961,1,'',308,74),(3962,1,'',309,74),(3963,1,'',235,75),(3964,0,'',236,75),(3965,1,'',237,75),(3966,0,'',238,75),(3967,0,'',239,75),(3968,0,'',240,75),(3969,1,'',241,75),(3970,0,'',242,75),(3971,1,'',243,75),(3972,0,'',244,75),(3973,1,'',245,75),(3974,0,'',246,75),(3975,1,'',247,75),(3976,1,'',248,75),(3977,1,'',249,75),(3978,1,'',250,75),(3979,1,'',251,75),(3980,1,'',252,75),(3981,1,'',253,75),(3982,1,'',254,75),(3983,1,'',255,75),(3984,1,'',256,75),(3985,1,'',257,75),(3986,1,'',258,75),(3987,1,'',259,75),(3988,0,'',260,75),(3989,1,'',261,75),(3990,1,'',262,75),(3991,1,'',263,75),(3992,1,'',264,75),(3993,1,'',265,75),(3994,1,'',266,75),(3995,1,'',267,75),(3996,1,'',268,75),(3997,0,'',269,75),(3998,1,'',270,75),(3999,1,'',271,75),(4000,1,'',272,75),(4001,1,'',273,75),(4002,1,'',274,75),(4003,1,'',275,75),(4004,1,'',276,75),(4005,1,'',277,75),(4006,1,'',278,75),(4007,1,'',279,75),(4008,1,'',280,75),(4009,1,'',281,75),(4010,1,'',282,75),(4011,1,'',283,75),(4012,1,'',284,75),(4013,0,'',285,75),(4014,0,'',286,75),(4015,1,'',287,75),(4016,0,'',288,75),(4017,1,'',289,75),(4018,1,'',290,75),(4019,1,'',291,75),(4020,1,'',292,75),(4021,1,'',293,75),(4022,1,'',294,75),(4023,1,'',295,75),(4024,1,'',296,75),(4025,0,'',297,75),(4026,1,'',298,75),(4027,0,'',299,75),(4028,1,'',300,75),(4029,1,'',301,75),(4030,1,'',302,75),(4031,0,'',303,75),(4032,0,'',304,75),(4033,0,'',305,75),(4034,1,'',306,75),(4035,1,'',307,75),(4036,1,'',308,75),(4037,1,'',309,75),(4038,1,'',235,76),(4039,1,'',236,76),(4040,1,'',237,76),(4041,1,'',238,76),(4042,0,'',239,76),(4043,0,'',240,76),(4044,1,'',241,76),(4045,0,'',242,76),(4046,1,'',243,76),(4047,0,'',244,76),(4048,1,'',245,76),(4049,0,'',246,76),(4050,1,'',247,76),(4051,0,'',248,76),(4052,1,'',249,76),(4053,1,'',250,76),(4054,1,'',251,76),(4055,1,'',252,76),(4056,1,'',253,76),(4057,0,'',254,76),(4058,1,'',255,76),(4059,1,'',256,76),(4060,1,'',257,76),(4061,1,'',258,76),(4062,1,'',259,76),(4063,0,'',260,76),(4064,1,'',261,76),(4065,1,'',262,76),(4066,1,'',263,76),(4067,1,'',264,76),(4068,1,'',265,76),(4069,1,'',266,76),(4070,1,'',267,76),(4071,0,'',268,76),(4072,0,'',269,76),(4073,1,'',270,76),(4074,0,'',271,76),(4075,1,'',272,76),(4076,1,'',273,76),(4077,1,'',274,76),(4078,1,'',275,76),(4079,1,'',276,76),(4080,0,'',277,76),(4081,1,'',278,76),(4082,1,'',279,76),(4083,1,'',280,76),(4084,0,'',281,76),(4085,1,'',282,76),(4086,1,'',283,76),(4087,1,'',284,76),(4088,0,'',285,76),(4089,0,'',286,76),(4090,1,'',287,76),(4091,1,'',288,76),(4092,1,'',289,76),(4093,1,'',290,76),(4094,1,'',291,76),(4095,1,'',292,76),(4096,1,'',293,76),(4097,1,'',294,76),(4098,0,'',295,76),(4099,1,'',296,76),(4100,1,'',297,76),(4101,1,'',298,76),(4102,0,'',299,76),(4103,1,'',300,76),(4104,1,'',301,76),(4105,0,'',302,76),(4106,0,'',303,76),(4107,0,'',304,76),(4108,0,'',305,76),(4109,1,'',306,76),(4110,1,'',307,76),(4111,1,'',308,76),(4112,1,'',309,76),(4113,1,'',235,77),(4114,1,'',236,77),(4115,1,'',237,77),(4116,1,'',238,77),(4117,1,'',239,77),(4118,1,'',240,77),(4119,1,'',241,77),(4120,1,'',242,77),(4121,1,'',243,77),(4122,1,'',244,77),(4123,1,'',245,77),(4124,1,'',246,77),(4125,1,'',247,77),(4126,0,'',248,77),(4127,1,'',249,77),(4128,1,'',250,77),(4129,1,'',251,77),(4130,1,'',252,77),(4131,1,'',253,77),(4132,1,'',254,77),(4133,1,'',255,77),(4134,1,'',256,77),(4135,1,'',257,77),(4136,0,'',258,77),(4137,0,'',259,77),(4138,1,'',260,77),(4139,1,'',261,77),(4140,1,'',262,77),(4141,1,'',263,77),(4142,1,'',264,77),(4143,1,'',265,77),(4144,1,'',266,77),(4145,1,'',267,77),(4146,1,'',268,77),(4147,1,'',269,77),(4148,1,'',270,77),(4149,0,'',271,77),(4150,1,'',272,77),(4151,1,'',273,77),(4152,1,'',274,77),(4153,1,'',275,77),(4154,1,'',276,77),(4155,0,'',277,77),(4156,1,'',278,77),(4157,1,'',279,77),(4158,1,'',280,77),(4159,1,'',281,77),(4160,1,'',282,77),(4161,1,'',283,77),(4162,1,'',284,77),(4163,1,'',285,77),(4164,1,'',286,77),(4165,1,'',287,77),(4166,1,'',288,77),(4167,1,'',289,77),(4168,1,'',290,77),(4169,0,'',291,77),(4170,1,'',292,77),(4171,1,'',293,77),(4172,1,'',294,77),(4173,1,'',295,77),(4174,1,'',296,77),(4175,1,'',297,77),(4176,0,'',298,77),(4177,1,'',299,77),(4178,1,'',300,77),(4179,1,'',301,77),(4180,1,'',302,77),(4181,1,'',303,77),(4182,1,'',304,77),(4183,1,'',305,77),(4184,1,'',306,77),(4185,1,'',307,77),(4186,0,'',308,77),(4187,1,'',309,77),(4188,1,'',235,78),(4189,1,'',236,78),(4190,1,'',237,78),(4191,1,'',238,78),(4192,1,'',239,78),(4193,1,'',240,78),(4194,1,'',241,78),(4195,1,'',242,78),(4196,1,'',243,78),(4197,1,'',244,78),(4198,1,'',245,78),(4199,1,'',246,78),(4200,1,'',247,78),(4201,1,'',248,78),(4202,1,'',249,78),(4203,1,'',250,78),(4204,1,'',251,78),(4205,0,'',252,78),(4206,0,'',253,78),(4207,1,'',254,78),(4208,1,'',255,78),(4209,1,'',256,78),(4210,0,'',257,78),(4211,1,'',258,78),(4212,0,'',259,78),(4213,1,'',260,78),(4214,0,'',261,78),(4215,1,'',262,78),(4216,1,'',263,78),(4217,1,'',264,78),(4218,1,'',265,78),(4219,1,'',266,78),(4220,1,'',267,78),(4221,0,'',268,78),(4222,1,'',269,78),(4223,1,'',270,78),(4224,1,'',271,78),(4225,0,'',272,78),(4226,1,'',273,78),(4227,0,'',274,78),(4228,1,'',275,78),(4229,0,'',276,78),(4230,1,'',277,78),(4231,1,'',278,78),(4232,1,'',279,78),(4233,1,'',280,78),(4234,0,'',281,78),(4235,1,'',282,78),(4236,1,'',283,78),(4237,1,'',284,78),(4238,1,'',285,78),(4239,1,'',286,78),(4240,1,'',287,78),(4241,0,'',288,78),(4242,1,'',289,78),(4243,1,'',290,78),(4244,0,'',291,78),(4245,1,'',292,78),(4246,0,'',293,78),(4247,1,'',294,78),(4248,1,'',295,78),(4249,1,'',296,78),(4250,1,'',297,78),(4251,1,'',298,78),(4252,1,'',299,78),(4253,1,'',300,78),(4254,1,'',301,78),(4255,1,'',302,78),(4256,1,'',303,78),(4257,1,'',304,78),(4258,0,'',305,78),(4259,1,'',306,78),(4260,1,'',307,78),(4261,1,'',308,78),(4262,1,'',309,78),(4263,1,'',235,79),(4264,0,'',236,79),(4265,0,'',237,79),(4266,1,'',238,79),(4267,0,'',239,79),(4268,1,'',240,79),(4269,1,'',241,79),(4270,0,'',242,79),(4271,1,'',243,79),(4272,1,'',244,79),(4273,1,'',245,79),(4274,0,'',246,79),(4275,0,'',247,79),(4276,1,'',248,79),(4277,1,'',249,79),(4278,1,'',250,79),(4279,1,'',251,79),(4280,0,'',252,79),(4281,0,'',253,79),(4282,1,'',254,79),(4283,0,'',255,79),(4284,0,'',256,79),(4285,0,'',257,79),(4286,1,'',258,79),(4287,1,'',259,79),(4288,1,'',260,79),(4289,1,'',261,79),(4290,1,'',262,79),(4291,1,'',263,79),(4292,1,'',264,79),(4293,0,'',265,79),(4294,1,'',266,79),(4295,1,'',267,79),(4296,1,'',268,79),(4297,0,'',269,79),(4298,0,'',270,79),(4299,1,'',271,79),(4300,1,'',272,79),(4301,1,'',273,79),(4302,1,'',274,79),(4303,1,'',275,79),(4304,0,'',276,79),(4305,1,'',277,79),(4306,1,'',278,79),(4307,1,'',279,79),(4308,1,'',280,79),(4309,0,'',281,79),(4310,1,'',282,79),(4311,1,'',283,79),(4312,1,'',284,79),(4313,0,'',285,79),(4314,1,'',286,79),(4315,1,'',287,79),(4316,0,'',288,79),(4317,1,'',289,79),(4318,1,'',290,79),(4319,0,'',291,79),(4320,0,'',292,79),(4321,1,'',293,79),(4322,1,'',294,79),(4323,1,'',295,79),(4324,1,'',296,79),(4325,1,'',297,79),(4326,0,'',298,79),(4327,1,'',299,79),(4328,0,'',300,79),(4329,1,'',301,79),(4330,1,'',302,79),(4331,1,'',303,79),(4332,0,'',304,79),(4333,1,'',305,79),(4334,0,'',306,79),(4335,0,'',307,79),(4336,1,'',308,79),(4337,1,'',309,79),(4338,0,'',235,80),(4339,0,'',236,80),(4340,0,'',237,80),(4341,1,'',238,80),(4342,1,'',239,80),(4343,1,'',240,80),(4344,1,'',241,80),(4345,0,'',242,80),(4346,1,'',243,80),(4347,0,'',244,80),(4348,1,'',245,80),(4349,1,'',246,80),(4350,1,'',247,80),(4351,1,'',248,80),(4352,1,'',249,80),(4353,0,'',250,80),(4354,0,'',251,80),(4355,1,'',252,80),(4356,1,'',253,80),(4357,1,'',254,80),(4358,1,'',255,80),(4359,1,'',256,80),(4360,0,'',257,80),(4361,1,'',258,80),(4362,1,'',259,80),(4363,0,'',260,80),(4364,1,'',261,80),(4365,1,'',262,80),(4366,0,'',263,80),(4367,1,'',264,80),(4368,1,'',265,80),(4369,1,'',266,80),(4370,1,'',267,80),(4371,1,'',268,80),(4372,0,'',269,80),(4373,1,'',270,80),(4374,1,'',271,80),(4375,1,'',272,80),(4376,1,'',273,80),(4377,1,'',274,80),(4378,1,'',275,80),(4379,1,'',276,80),(4380,1,'',277,80),(4381,1,'',278,80),(4382,0,'',279,80),(4383,1,'',280,80),(4384,1,'',281,80),(4385,1,'',282,80),(4386,1,'',283,80),(4387,1,'',284,80),(4388,1,'',285,80),(4389,0,'',286,80),(4390,1,'',287,80),(4391,1,'',288,80),(4392,0,'',289,80),(4393,1,'',290,80),(4394,1,'',291,80),(4395,1,'',292,80),(4396,0,'',293,80),(4397,1,'',294,80),(4398,1,'',295,80),(4399,0,'',296,80),(4400,1,'',297,80),(4401,1,'',298,80),(4402,0,'',299,80),(4403,1,'',300,80),(4404,1,'',301,80),(4405,1,'',302,80),(4406,1,'',303,80),(4407,0,'',304,80),(4408,0,'',305,80),(4409,1,'',306,80),(4410,1,'',307,80),(4411,0,'',308,80),(4412,0,'',309,80),(4413,1,'',96,81),(4414,0,'',97,81),(4415,1,'',98,81),(4416,1,'',99,81),(4417,1,'',100,81),(4418,1,'',101,81),(4419,1,'',102,81),(4420,1,'',103,81),(4421,1,'',104,81),(4422,1,'',105,81),(4423,1,'',106,81),(4424,1,'',107,81),(4425,1,'',108,81),(4426,1,'',109,81),(4427,1,'',110,81),(4428,1,'',81,82),(4429,1,'',82,82),(4430,1,'',83,82),(4431,1,'',84,82),(4432,1,'',85,82),(4433,1,'',86,82),(4434,0,'',87,82),(4435,1,'',88,82),(4436,1,'',89,82),(4437,1,'',90,82),(4438,1,'',91,82),(4439,1,'',92,82),(4440,0,'',93,82),(4441,1,'',94,82),(4442,1,'',95,82),(4443,1,'',96,82),(4444,0,'',97,82),(4445,1,'',98,82),(4446,1,'',99,82),(4447,1,'',100,82),(4448,1,'',101,82),(4449,0,'',102,82),(4450,1,'',103,82),(4451,0,'',104,82),(4452,1,'',105,82),(4453,1,'',106,82),(4454,1,'',107,82),(4455,1,'',108,82),(4456,1,'',109,82),(4457,1,'',110,82),(4458,1,'',111,82),(4459,1,'',112,82),(4460,0,'',113,82),(4461,1,'',114,82),(4462,0,'',115,82),(4463,1,'',116,82),(4464,0,'',117,82),(4465,1,'',118,82),(4466,1,'',119,82),(4467,0,'',120,82),(4468,1,'',121,82),(4469,1,'',122,82),(4470,1,'',123,82),(4471,0,'',124,82),(4472,0,'',125,82),(4473,1,'',126,82),(4474,1,'',127,82),(4475,1,'',128,82),(4476,1,'',129,82),(4477,1,'',130,82),(4478,1,'',131,82),(4479,1,'',132,82),(4480,1,'',133,82),(4481,1,'',134,82),(4482,0,'',135,82),(4483,1,'',136,82),(4484,0,'',137,82),(4485,0,'',138,82),(4486,1,'',139,82),(4487,1,'',140,82),(4488,1,'',141,82),(4489,0,'',142,82),(4490,1,'',143,82),(4491,0,'',144,82),(4492,0,'',145,82),(4493,0,'',146,82),(4494,1,'',147,82),(4495,1,'',148,82),(4496,1,'',149,82),(4497,1,'',150,82),(4498,1,'',151,82),(4499,1,'',152,82),(4500,1,'',153,82),(4501,0,'',154,82),(4502,1,'',155,82),(4503,1,'',111,83),(4504,1,'',112,83),(4505,1,'',113,83),(4506,1,'',114,83),(4507,1,'',115,83),(4508,1,'',116,83),(4509,0,'',117,83),(4510,1,'',118,83),(4511,0,'',119,83),(4512,0,'',120,83),(4513,1,'',121,83),(4514,1,'',122,83),(4515,1,'',123,83),(4516,0,'',124,83),(4517,0,'',125,83),(4518,0,'',157,84),(4519,1,'',158,84),(4520,1,'',159,84),(4521,1,'',160,84),(4522,0,'',161,84),(4523,1,'',162,84),(4524,1,'',163,84),(4525,1,'',164,84),(4526,1,'',165,84),(4527,1,'',166,84),(4528,0,'',167,84),(4529,0,'',168,84),(4530,1,'',169,84),(4531,1,'',170,84),(4532,1,'',171,84),(4533,0,'',172,84),(4534,1,'',173,84),(4535,0,'',174,84),(4536,0,'',175,84),(4537,0,'',176,84),(4538,0,'',177,84),(4539,1,'',178,84),(4540,1,'',179,84),(4541,0,'',180,84),(4542,1,'',181,84),(4543,1,'',182,84),(4544,0,'',183,84),(4545,1,'',184,84),(4546,0,'',185,84),(4547,1,'',186,84),(4548,1,'',187,84),(4549,0,'',188,84),(4550,0,'',189,84),(4551,0,'',190,84),(4552,0,'',191,84),(4553,1,'',192,84),(4554,1,'',193,84),(4555,1,'',194,84),(4556,0,'',195,84),(4557,1,'',196,84),(4558,1,'',197,84),(4559,1,'',198,84),(4560,1,'',199,84),(4561,1,'',200,84),(4562,1,'',201,84),(4563,1,'',202,84),(4564,0,'',203,84),(4565,1,'',204,84),(4566,1,'',205,84),(4567,0,'',206,84),(4568,0,'',207,84),(4569,0,'',208,84),(4570,0,'',209,84),(4571,1,'',210,84),(4572,0,'',211,84),(4573,1,'',212,84),(4574,0,'',213,84),(4575,0,'',214,84),(4576,1,'',215,84),(4577,1,'',216,84),(4578,1,'',217,84),(4579,0,'',218,84),(4580,0,'',219,84),(4581,0,'',220,84),(4582,1,'',221,84),(4583,0,'',222,84),(4584,1,'',223,84),(4585,1,'',224,84),(4586,1,'',225,84),(4587,0,'',226,84),(4588,1,'',227,84),(4589,1,'',228,84),(4590,1,'',229,84),(4591,0,'',230,84),(4592,1,'',231,84),(4593,0,'',232,84),(4594,0,'',1,85),(4595,1,'',2,85),(4596,0,'',3,85),(4597,0,'',4,85),(4598,1,'',5,85),(4599,0,'',6,85),(4600,0,'',7,85),(4601,1,'',8,85),(4602,1,'',9,85),(4603,1,'',10,85),(4604,1,'',11,85),(4605,1,'',12,85),(4606,1,'',13,85),(4607,1,'',14,85),(4608,1,'',15,85),(4609,0,'',16,85),(4610,1,'',17,85),(4611,1,'',18,85),(4612,1,'',19,85),(4613,0,'',20,85),(4614,1,'',21,85),(4615,1,'',22,85),(4616,1,'',23,85),(4617,1,'',24,85),(4618,0,'',25,85),(4619,1,'',26,85),(4620,1,'',27,85),(4621,0,'',28,85),(4622,1,'',29,85),(4623,1,'',30,85),(4624,0,'',31,85),(4625,1,'',32,85),(4626,1,'',33,85),(4627,1,'',34,85),(4628,0,'',35,85),(4629,1,'',36,85),(4630,0,'',37,85),(4631,1,'',38,85),(4632,1,'',39,85),(4633,1,'',40,85),(4634,0,'',41,85),(4635,0,'',1,86),(4636,1,'',2,86),(4637,1,'',3,86),(4638,1,'',4,86),(4639,1,'',5,86),(4640,0,'',6,86),(4641,0,'',7,86),(4642,1,'',8,86),(4643,1,'',9,86),(4644,1,'',10,86),(4645,1,'',11,86),(4646,1,'',12,86),(4647,1,'',13,86),(4648,1,'',14,86),(4649,1,'',15,86),(4650,0,'',16,86),(4651,1,'',17,86),(4652,1,'',18,86),(4653,1,'',19,86),(4654,1,'',20,86),(4655,1,'',21,86),(4656,1,'',22,86),(4657,1,'',23,86),(4658,1,'',24,86),(4659,1,'',25,86),(4660,1,'',26,86),(4661,1,'',27,86),(4662,1,'',28,86),(4663,1,'',29,86),(4664,0,'',30,86),(4665,0,'',31,86),(4666,0,'',32,86),(4667,1,'',33,86),(4668,1,'',34,86),(4669,0,'',35,86),(4670,1,'',36,86),(4671,0,'',37,86),(4672,1,'',38,86),(4673,1,'',39,86),(4674,1,'',40,86),(4675,0,'',41,86),(4676,0,'',1,87),(4677,1,'',2,87),(4678,1,'',3,87),(4679,1,'',4,87),(4680,1,'',5,87),(4681,1,'',6,87),(4682,1,'',7,87),(4683,1,'',8,87),(4684,1,'',9,87),(4685,1,'',10,87),(4686,1,'',11,87),(4687,1,'',12,87),(4688,0,'',13,87),(4689,1,'',14,87),(4690,1,'',15,87),(4691,0,'',16,87),(4692,1,'',17,87),(4693,1,'',18,87),(4694,0,'',19,87),(4695,1,'',20,87),(4696,1,'',21,87),(4697,1,'',22,87),(4698,0,'',23,87),(4699,1,'',24,87),(4700,1,'',25,87),(4701,0,'',26,87),(4702,0,'',27,87),(4703,1,'',28,87),(4704,0,'',29,87),(4705,1,'',30,87),(4706,0,'',31,87),(4707,0,'',32,87),(4708,0,'',33,87),(4709,1,'',34,87),(4710,1,'',35,87),(4711,1,'',36,87),(4712,0,'',37,87),(4713,1,'',38,87),(4714,1,'',39,87),(4715,1,'',40,87),(4716,0,'',41,87),(4717,1,'',1,88),(4718,1,'',2,88),(4719,1,'',3,88),(4720,1,'',4,88),(4721,0,'',5,88),(4722,1,'',6,88),(4723,1,'',7,88),(4724,1,'',8,88),(4725,0,'',9,88),(4726,1,'',10,88),(4727,1,'',11,88),(4728,1,'',12,88),(4729,0,'',13,88),(4730,1,'',14,88),(4731,1,'',15,88),(4732,1,'',16,88),(4733,1,'',17,88),(4734,1,'',18,88),(4735,0,'',19,88),(4736,0,'',20,88),(4737,0,'',21,88),(4738,1,'',22,88),(4739,0,'',23,88),(4740,1,'',24,88),(4741,1,'',25,88),(4742,1,'',26,88),(4743,1,'',27,88),(4744,0,'',28,88),(4745,1,'',29,88),(4746,1,'',30,88),(4747,1,'',31,88),(4748,0,'',32,88),(4749,1,'',33,88),(4750,1,'',34,88),(4751,1,'',35,88),(4752,1,'',36,88),(4753,0,'',37,88),(4754,1,'',38,88),(4755,1,'',39,88),(4756,1,'',40,88),(4757,0,'',41,88),(4758,1,'',1,89),(4759,1,'',2,89),(4760,1,'',3,89),(4761,0,'',4,89),(4762,0,'',5,89),(4763,1,'',6,89),(4764,1,'',7,89),(4765,1,'',8,89),(4766,0,'',9,89),(4767,1,'',10,89),(4768,1,'',11,89),(4769,1,'',12,89),(4770,1,'',13,89),(4771,1,'',14,89),(4772,0,'',15,89),(4773,0,'',16,89),(4774,1,'',17,89),(4775,1,'',18,89),(4776,0,'',19,89),(4777,0,'',20,89),(4778,0,'',21,89),(4779,1,'',22,89),(4780,1,'',23,89),(4781,1,'',24,89),(4782,1,'',25,89),(4783,0,'',26,89),(4784,0,'',27,89),(4785,1,'',28,89),(4786,0,'',29,89),(4787,0,'',30,89),(4788,1,'',31,89),(4789,0,'',32,89),(4790,1,'',33,89),(4791,0,'',34,89),(4792,1,'',35,89),(4793,1,'',36,89),(4794,0,'',37,89),(4795,1,'',38,89),(4796,1,'',39,89),(4797,1,'',40,89),(4798,1,'',41,89),(4799,1,'',1,90),(4800,1,'',2,90),(4801,1,'',3,90),(4802,1,'',4,90),(4803,0,'',5,90),(4804,1,'',6,90),(4805,0,'',7,90),(4806,1,'',8,90),(4807,1,'',9,90),(4808,1,'',10,90),(4809,1,'',11,90),(4810,1,'',12,90),(4811,0,'',13,90),(4812,1,'',14,90),(4813,1,'',15,90),(4814,1,'',16,90),(4815,1,'',17,90),(4816,1,'',18,90),(4817,1,'',19,90),(4818,1,'',20,90),(4819,1,'',21,90),(4820,1,'',22,90),(4821,1,'',23,90),(4822,1,'',24,90),(4823,1,'',25,90),(4824,1,'',26,90),(4825,1,'',27,90),(4826,1,'',28,90),(4827,1,'',29,90),(4828,1,'',30,90),(4829,1,'',31,90),(4830,1,'',32,90),(4831,1,'',33,90),(4832,0,'',34,90),(4833,1,'',35,90),(4834,1,'',36,90),(4835,1,'',37,90),(4836,1,'',38,90),(4837,1,'',39,90),(4838,1,'',40,90),(4839,0,'',41,90),(4840,1,'',1,91),(4841,1,'',2,91),(4842,1,'',3,91),(4843,1,'',4,91),(4844,1,'',5,91),(4845,1,'',6,91),(4846,1,'',7,91),(4847,0,'',8,91),(4848,1,'',9,91),(4849,0,'',10,91),(4850,1,'',11,91),(4851,1,'',12,91),(4852,1,'',13,91),(4853,0,'',14,91),(4854,1,'',15,91),(4855,1,'',16,91),(4856,1,'',17,91),(4857,1,'',18,91),(4858,1,'',19,91),(4859,1,'',20,91),(4860,1,'',21,91),(4861,1,'',22,91),(4862,1,'',23,91),(4863,1,'',24,91),(4864,1,'',25,91),(4865,1,'',26,91),(4866,0,'',27,91),(4867,1,'',28,91),(4868,1,'',29,91),(4869,1,'',30,91),(4870,1,'',31,91),(4871,1,'',32,91),(4872,0,'',33,91),(4873,1,'',34,91),(4874,1,'',35,91),(4875,1,'',36,91),(4876,1,'',37,91),(4877,0,'',38,91),(4878,0,'',39,91),(4879,1,'',40,91),(4880,0,'',41,91),(4881,1,'',1,92),(4882,1,'',2,92),(4883,1,'',3,92),(4884,0,'',4,92),(4885,1,'',5,92),(4886,1,'',6,92),(4887,1,'',7,92),(4888,1,'',8,92),(4889,1,'',9,92),(4890,0,'',10,92),(4891,1,'',11,92),(4892,1,'',12,92),(4893,1,'',13,92),(4894,0,'',14,92),(4895,1,'',15,92),(4896,1,'',16,92),(4897,1,'',17,92),(4898,1,'',18,92),(4899,0,'',19,92),(4900,0,'',20,92),(4901,1,'',21,92),(4902,1,'',22,92),(4903,1,'',23,92),(4904,1,'',24,92),(4905,1,'',25,92),(4906,0,'',26,92),(4907,1,'',27,92),(4908,0,'',28,92),(4909,0,'',29,92),(4910,1,'',30,92),(4911,0,'',31,92),(4912,0,'',32,92),(4913,1,'',33,92),(4914,1,'',34,92),(4915,1,'',35,92),(4916,1,'',36,92),(4917,1,'',37,92),(4918,1,'',38,92),(4919,1,'',39,92),(4920,1,'',40,92),(4921,1,'',41,92),(4922,1,'',1,93),(4923,1,'',2,93),(4924,1,'',3,93),(4925,1,'',4,93),(4926,1,'',5,93),(4927,1,'',6,93),(4928,1,'',7,93),(4929,1,'',8,93),(4930,0,'',9,93),(4931,1,'',10,93),(4932,1,'',11,93),(4933,0,'',12,93),(4934,1,'',13,93),(4935,1,'',14,93),(4936,1,'',15,93),(4937,1,'',16,93),(4938,1,'',17,93),(4939,0,'',18,93),(4940,1,'',19,93),(4941,1,'',20,93),(4942,1,'',21,93),(4943,0,'',22,93),(4944,0,'',23,93),(4945,1,'',24,93),(4946,1,'',25,93),(4947,0,'',26,93),(4948,1,'',27,93),(4949,1,'',28,93),(4950,0,'',29,93),(4951,1,'',30,93),(4952,1,'',31,93),(4953,1,'',32,93),(4954,1,'',33,93),(4955,1,'',34,93),(4956,1,'',35,93),(4957,1,'',36,93),(4958,1,'',37,93),(4959,1,'',38,93),(4960,1,'',39,93),(4961,1,'',40,93),(4962,0,'',41,93),(4963,0,'',81,94),(4964,1,'',82,94),(4965,1,'',83,94),(4966,0,'',84,94),(4967,0,'',85,94),(4968,1,'',86,94),(4969,0,'',87,94),(4970,1,'',88,94),(4971,1,'',89,94),(4972,1,'',90,94),(4973,1,'',91,94),(4974,1,'',92,94),(4975,0,'',93,94),(4976,1,'',94,94),(4977,1,'',95,94),(4978,1,'',96,94),(4979,1,'',97,94),(4980,1,'',98,94),(4981,0,'',99,94),(4982,1,'',100,94),(4983,0,'',101,94),(4984,0,'',102,94),(4985,1,'',103,94),(4986,1,'',104,94),(4987,1,'',105,94),(4988,1,'',106,94),(4989,1,'',107,94),(4990,1,'',108,94),(4991,1,'',109,94),(4992,1,'',110,94),(4993,0,'',111,94),(4994,0,'',112,94),(4995,1,'',113,94),(4996,1,'',114,94),(4997,0,'',115,94),(4998,1,'',116,94),(4999,0,'',117,94),(5000,0,'',118,94),(5001,0,'',119,94),(5002,0,'',120,94),(5003,1,'',121,94),(5004,1,'',122,94),(5005,1,'',123,94),(5006,0,'',124,94),(5007,0,'',125,94),(5008,1,'',126,94),(5009,1,'',127,94),(5010,1,'',128,94),(5011,1,'',129,94),(5012,1,'',130,94),(5013,1,'',131,94),(5014,1,'',132,94),(5015,1,'',133,94),(5016,1,'',134,94),(5017,0,'',135,94),(5018,1,'',136,94),(5019,0,'',137,94),(5020,0,'',138,94),(5021,0,'',139,94),(5022,0,'',140,94),(5023,1,'',141,94),(5024,0,'',142,94),(5025,1,'',143,94),(5026,0,'',144,94),(5027,1,'',145,94),(5028,0,'',146,94),(5029,1,'',147,94),(5030,0,'',148,94),(5031,1,'',149,94),(5032,1,'',150,94),(5033,0,'',151,94),(5034,1,'',152,94),(5035,0,'',153,94),(5036,0,'',154,94),(5037,1,'',155,94),(5038,0,'',157,95),(5039,1,'',158,95),(5040,1,'',159,95),(5041,1,'',160,95),(5042,0,'',161,95),(5043,0,'',162,95),(5044,1,'',163,95),(5045,1,'',164,95),(5046,1,'',165,95),(5047,1,'',166,95),(5048,0,'',167,95),(5049,0,'',168,95),(5050,1,'',169,95),(5051,1,'',170,95),(5052,1,'',171,95),(5053,0,'',172,95),(5054,0,'',173,95),(5055,0,'',174,95),(5056,0,'',175,95),(5057,0,'',176,95),(5058,0,'',177,95),(5059,1,'',178,95),(5060,1,'',179,95),(5061,0,'',180,95),(5062,1,'',181,95),(5063,1,'',182,95),(5064,0,'',183,95),(5065,1,'',184,95),(5066,0,'',185,95),(5067,1,'',186,95),(5068,1,'',187,95),(5069,0,'',188,95),(5070,1,'',189,95),(5071,0,'',190,95),(5072,0,'',191,95),(5073,1,'',192,95),(5074,1,'',193,95),(5075,1,'',194,95),(5076,0,'',195,95),(5077,1,'',196,95),(5078,1,'',197,95),(5079,0,'',198,95),(5080,1,'',199,95),(5081,1,'',200,95),(5082,1,'',201,95),(5083,1,'',202,95),(5084,0,'',203,95),(5085,1,'',204,95),(5086,1,'',205,95),(5087,0,'',206,95),(5088,0,'',207,95),(5089,0,'',208,95),(5090,0,'',209,95),(5091,0,'',210,95),(5092,1,'',211,95),(5093,1,'',212,95),(5094,0,'',213,95),(5095,0,'',214,95),(5096,1,'',215,95),(5097,1,'',216,95),(5098,1,'',217,95),(5099,0,'',218,95),(5100,0,'',219,95),(5101,0,'',220,95),(5102,1,'',221,95),(5103,0,'',222,95),(5104,1,'',223,95),(5105,1,'',224,95),(5106,1,'',225,95),(5107,0,'',226,95),(5108,1,'',227,95),(5109,1,'',228,95),(5110,1,'',229,95),(5111,0,'',230,95),(5112,1,'',231,95),(5113,0,'',232,95),(5114,0,'',157,96),(5115,1,'',158,96),(5116,1,'',159,96),(5117,1,'',160,96),(5118,1,'',161,96),(5119,1,'',162,96),(5120,1,'',163,96),(5121,1,'',164,96),(5122,0,'',165,96),(5123,0,'',166,96),(5124,0,'',167,96),(5125,1,'',168,96),(5126,1,'',169,96),(5127,0,'',170,96),(5128,1,'',171,96),(5129,1,'',172,96),(5130,1,'',173,96),(5131,0,'',174,96),(5132,0,'',175,96),(5133,1,'',176,96),(5134,0,'',177,96),(5135,1,'',178,96),(5136,1,'',179,96),(5137,0,'',180,96),(5138,1,'',181,96),(5139,1,'',182,96),(5140,0,'',183,96),(5141,0,'',184,96),(5142,0,'',185,96),(5143,1,'',186,96),(5144,1,'',187,96),(5145,1,'',188,96),(5146,1,'',189,96),(5147,0,'',190,96),(5148,1,'',191,96),(5149,1,'',192,96),(5150,1,'',193,96),(5151,0,'',194,96),(5152,1,'',195,96),(5153,1,'',196,96),(5154,1,'',197,96),(5155,0,'',198,96),(5156,1,'',199,96),(5157,1,'',200,96),(5158,0,'',201,96),(5159,1,'',202,96),(5160,0,'',203,96),(5161,1,'',204,96),(5162,0,'',205,96),(5163,0,'',206,96),(5164,1,'',207,96),(5165,0,'',208,96),(5166,0,'',209,96),(5167,0,'',210,96),(5168,0,'',211,96),(5169,1,'',212,96),(5170,0,'',213,96),(5171,1,'',214,96),(5172,1,'',215,96),(5173,1,'',216,96),(5174,1,'',217,96),(5175,0,'',218,96),(5176,0,'',219,96),(5177,1,'',220,96),(5178,0,'',221,96),(5179,1,'',222,96),(5180,1,'',223,96),(5181,1,'',224,96),(5182,1,'',225,96),(5183,1,'',226,96),(5184,1,'',227,96),(5185,0,'',228,96),(5186,0,'',229,96),(5187,1,'',230,96),(5188,1,'',231,96),(5189,0,'',232,96),(5190,1,'',81,97),(5191,0,'',82,97),(5192,1,'',83,97),(5193,0,'',84,97),(5194,0,'',85,97),(5195,1,'',86,97),(5196,1,'',87,97),(5197,0,'',88,97),(5198,1,'',89,97),(5199,1,'',90,97),(5200,1,'',91,97),(5201,1,'',92,97),(5202,1,'',93,97),(5203,1,'',94,97),(5204,1,'',95,97),(5205,1,'',96,97),(5206,1,'',97,97),(5207,1,'',98,97),(5208,0,'',99,97),(5209,1,'',100,97),(5210,1,'',101,97),(5211,0,'',102,97),(5212,1,'',103,97),(5213,1,'',104,97),(5214,1,'',105,97),(5215,1,'',106,97),(5216,0,'',107,97),(5217,1,'',108,97),(5218,1,'',109,97),(5219,0,'',110,97),(5220,1,'',111,97),(5221,0,'',112,97),(5222,1,'',113,97),(5223,1,'',114,97),(5224,0,'',115,97),(5225,1,'',116,97),(5226,0,'',117,97),(5227,0,'',118,97),(5228,1,'',119,97),(5229,0,'',120,97),(5230,0,'',121,97),(5231,0,'',122,97),(5232,1,'',123,97),(5233,0,'',124,97),(5234,0,'',125,97),(5235,1,'',126,97),(5236,1,'',127,97),(5237,1,'',128,97),(5238,1,'',129,97),(5239,0,'',130,97),(5240,1,'',131,97),(5241,0,'',132,97),(5242,1,'',133,97),(5243,0,'',134,97),(5244,0,'',135,97),(5245,1,'',136,97),(5246,1,'',137,97),(5247,0,'',138,97),(5248,1,'',139,97),(5249,0,'',140,97),(5250,1,'',141,97),(5251,1,'',142,97),(5252,1,'',143,97),(5253,0,'',144,97),(5254,0,'',145,97),(5255,0,'',146,97),(5256,0,'',147,97),(5257,1,'',148,97),(5258,0,'',149,97),(5259,0,'',150,97),(5260,0,'',151,97),(5261,1,'',152,97),(5262,1,'',153,97),(5263,0,'',154,97),(5264,1,'',155,97),(5265,1,'',81,98),(5266,0,'',82,98),(5267,1,'',83,98),(5268,0,'',84,98),(5269,0,'',85,98),(5270,0,'',86,98),(5271,1,'',87,98),(5272,0,'',88,98),(5273,1,'',89,98),(5274,1,'',90,98),(5275,1,'',91,98),(5276,0,'',92,98),(5277,1,'',93,98),(5278,1,'',94,98),(5279,0,'',95,98),(5280,1,'',96,98),(5281,0,'',97,98),(5282,1,'',98,98),(5283,1,'',99,98),(5284,1,'',100,98),(5285,1,'',101,98),(5286,0,'',102,98),(5287,0,'',103,98),(5288,0,'',104,98),(5289,1,'',105,98),(5290,1,'',106,98),(5291,1,'',107,98),(5292,1,'',108,98),(5293,0,'',109,98),(5294,1,'',110,98),(5295,1,'',111,98),(5296,0,'',112,98),(5297,1,'',113,98),(5298,0,'',114,98),(5299,0,'',115,98),(5300,0,'',116,98),(5301,0,'',117,98),(5302,0,'',118,98),(5303,1,'',119,98),(5304,0,'',120,98),(5305,0,'',121,98),(5306,0,'',122,98),(5307,0,'',123,98),(5308,0,'',124,98),(5309,0,'',125,98),(5310,1,'',126,98),(5311,1,'',127,98),(5312,1,'',128,98),(5313,0,'',129,98),(5314,1,'',130,98),(5315,0,'',131,98),(5316,1,'',132,98),(5317,1,'',133,98),(5318,0,'',134,98),(5319,1,'',135,98),(5320,1,'',136,98),(5321,1,'',137,98),(5322,0,'',138,98),(5323,1,'',139,98),(5324,0,'',140,98),(5325,0,'',141,98),(5326,1,'',142,98),(5327,0,'',143,98),(5328,0,'',144,98),(5329,1,'',145,98),(5330,0,'',146,98),(5331,0,'',147,98),(5332,1,'',148,98),(5333,0,'',149,98),(5334,1,'',150,98),(5335,0,'',151,98),(5336,0,'',152,98),(5337,0,'',153,98),(5338,0,'',154,98),(5339,0,'',155,98);
/*!40000 ALTER TABLE `masters_attendance` ENABLE KEYS */;
UNLOCK TABLES;

--
-- Table structure for table `masters_class`
--

DROP TABLE IF EXISTS `masters_class`;
/*!40101 SET @saved_cs_client     = @@character_set_client */;
/*!50503 SET character_set_client = utf8mb4 */;
CREATE TABLE `masters_class` (
  `id` bigint NOT NULL AUTO_INCREMENT,
  `name` varchar(50) NOT NULL,
  `classTeacher_id` bigint DEFAULT NULL,
  `sem_id` bigint NOT NULL,
  PRIMARY KEY (`id`),
  KEY `masters_class_classTeacher_id_7a779731_fk_masters_teacher_id` (`classTeacher_id`),
  KEY `masters_class_sem_id_daa7a8c9_fk_masters_semester_id` (`sem_id`),
  CONSTRAINT `masters_class_classTeacher_id_7a779731_fk_masters_teacher_id` FOREIGN KEY (`classTeacher_id`) REFERENCES `masters_teacher` (`id`),
  CONSTRAINT `masters_class_sem_id_daa7a8c9_fk_masters_semester_id` FOREIGN KEY (`sem_id`) REFERENCES `masters_semester` (`id`)
) ENGINE=InnoDB AUTO_INCREMENT=8 DEFAULT CHARSET=utf8mb4 COLLATE=utf8mb4_0900_ai_ci;
/*!40101 SET character_set_client = @saved_cs_client */;

--
-- Dumping data for table `masters_class`
--

LOCK TABLES `masters_class` WRITE;
/*!40000 ALTER TABLE `masters_class` DISABLE KEYS */;
INSERT INTO `masters_class` VALUES (1,'B',NULL,1),(2,'A',NULL,1),(3,'A',NULL,3),(4,'A',NULL,4),(5,'B',NULL,3),(6,'A',NULL,2),(7,'B',NULL,2);
/*!40000 ALTER TABLE `masters_class` ENABLE KEYS */;
UNLOCK TABLES;

--
-- Table structure for table `masters_department`
--

DROP TABLE IF EXISTS `masters_department`;
/*!40101 SET @saved_cs_client     = @@character_set_client */;
/*!50503 SET character_set_client = utf8mb4 */;
CREATE TABLE `masters_department` (
  `id` bigint NOT NULL AUTO_INCREMENT,
  `name` varchar(100) NOT NULL,
  `short` varchar(20) NOT NULL,
  `description` longtext,
  `location` varchar(100) DEFAULT NULL,
  `academic_year` int NOT NULL,
  `head_of_department_id` bigint DEFAULT NULL,
  PRIMARY KEY (`id`),
  UNIQUE KEY `short` (`short`),
  KEY `masters_department_head_of_department_i_1fab6842_fk_masters_t` (`head_of_department_id`),
  CONSTRAINT `masters_department_head_of_department_i_1fab6842_fk_masters_t` FOREIGN KEY (`head_of_department_id`) REFERENCES `masters_teacher` (`id`)
) ENGINE=InnoDB AUTO_INCREMENT=3 DEFAULT CHARSET=utf8mb4 COLLATE=utf8mb4_0900_ai_ci;
/*!40101 SET character_set_client = @saved_cs_client */;

--
-- Dumping data for table `masters_department`
--

LOCK TABLES `masters_department` WRITE;
/*!40000 ALTER TABLE `masters_department` DISABLE KEYS */;
INSERT INTO `masters_department` VALUES (1,'Computer Science & Engineering','CSE','',NULL,2023,NULL),(2,'Electronics & Telecommunications Engineering','ETC','',NULL,2023,NULL);
/*!40000 ALTER TABLE `masters_department` ENABLE KEYS */;
UNLOCK TABLES;

--
-- Table structure for table `masters_lecturetaken`
--

DROP TABLE IF EXISTS `masters_lecturetaken`;
/*!40101 SET @saved_cs_client     = @@character_set_client */;
/*!50503 SET character_set_client = utf8mb4 */;
CREATE TABLE `masters_lecturetaken` (
  `id` bigint NOT NULL AUTO_INCREMENT,
  `lecture_date` date NOT NULL,
  `time_slot` time(6) NOT NULL,
  `batch_field_id` bigint DEFAULT NULL,
  `class_field_id` bigint NOT NULL,
  `elective_field_id` bigint DEFAULT NULL,
  `subject_id` int NOT NULL,
  `took_by_id` bigint NOT NULL,
  PRIMARY KEY (`id`),
  KEY `masters_lecturetaken_batch_field_id_ae6de030_fk_masters_p` (`batch_field_id`),
  KEY `masters_lecturetaken_class_field_id_13b7e76c_fk_masters_class_id` (`class_field_id`),
  KEY `masters_lecturetaken_elective_field_id_394bbcc3_fk_masters_t` (`elective_field_id`),
  KEY `masters_lecturetaken_subject_id_4fdf3dde_fk_masters_s` (`subject_id`),
  KEY `masters_lecturetaken_took_by_id_d95227c3_fk_masters_teacher_id` (`took_by_id`),
  CONSTRAINT `masters_lecturetaken_batch_field_id_ae6de030_fk_masters_p` FOREIGN KEY (`batch_field_id`) REFERENCES `masters_practicalbatch` (`id`),
  CONSTRAINT `masters_lecturetaken_class_field_id_13b7e76c_fk_masters_class_id` FOREIGN KEY (`class_field_id`) REFERENCES `masters_class` (`id`),
  CONSTRAINT `masters_lecturetaken_elective_field_id_394bbcc3_fk_masters_t` FOREIGN KEY (`elective_field_id`) REFERENCES `masters_theoryelective` (`id`),
  CONSTRAINT `masters_lecturetaken_subject_id_4fdf3dde_fk_masters_s` FOREIGN KEY (`subject_id`) REFERENCES `masters_subject` (`subject_id`),
  CONSTRAINT `masters_lecturetaken_took_by_id_d95227c3_fk_masters_teacher_id` FOREIGN KEY (`took_by_id`) REFERENCES `masters_teacher` (`id`)
) ENGINE=InnoDB AUTO_INCREMENT=99 DEFAULT CHARSET=utf8mb4 COLLATE=utf8mb4_0900_ai_ci;
/*!40101 SET character_set_client = @saved_cs_client */;

--
-- Dumping data for table `masters_lecturetaken`
--

LOCK TABLES `masters_lecturetaken` WRITE;
/*!40000 ALTER TABLE `masters_lecturetaken` DISABLE KEYS */;
INSERT INTO `masters_lecturetaken` VALUES (8,'2023-08-10','14:15:00.000000',NULL,1,2,1,2),(9,'2023-08-11','11:15:00.000000',NULL,1,2,1,2),(10,'2023-08-16','13:15:00.000000',NULL,1,2,1,2),(11,'2023-08-17','14:15:00.000000',NULL,1,2,1,2),(12,'2023-08-18','11:15:00.000000',NULL,1,2,1,2),(13,'2023-08-23','13:15:00.000000',NULL,1,2,1,2),(14,'2023-08-24','14:15:00.000000',NULL,1,2,1,2),(15,'2023-08-25','11:15:00.000000',NULL,1,2,1,2),(16,'2023-08-30','13:15:00.000000',NULL,1,2,1,2),(17,'2023-08-31','14:15:00.000000',NULL,1,2,1,2),(18,'2023-09-01','11:15:00.000000',NULL,1,2,1,2),(19,'2023-09-06','13:15:00.000000',NULL,1,2,1,2),(20,'2023-09-07','14:15:00.000000',NULL,1,2,1,2),(21,'2023-09-08','11:15:00.000000',NULL,1,2,1,2),(25,'2023-09-14','10:15:00.000000',NULL,4,NULL,13,6),(28,'2023-09-20','10:15:00.000000',20,5,NULL,31,16),(29,'2023-09-20','13:15:00.000000',NULL,1,2,1,2),(30,'2023-09-20','13:15:00.000000',13,3,NULL,31,1),(31,'2023-09-21','11:15:00.000000',NULL,5,NULL,12,13),(32,'2023-09-21','13:15:00.000000',21,5,NULL,31,16),(33,'2023-09-21','14:15:00.000000',NULL,3,NULL,12,13),(34,'2023-09-21','16:30:00.000000',NULL,5,NULL,28,1),(35,'2023-09-23','10:15:00.000000',NULL,3,NULL,28,1),(36,'2023-09-20','13:15:00.000000',NULL,7,NULL,19,23),(37,'2023-08-07','15:30:00.000000',NULL,7,NULL,19,23),(38,'2023-08-08','10:15:00.000000',NULL,7,NULL,19,23),(39,'2023-08-14','15:30:00.000000',NULL,7,NULL,19,23),(40,'2023-08-16','13:15:00.000000',NULL,7,NULL,19,23),(41,'2023-08-18','11:15:00.000000',NULL,7,NULL,19,23),(42,'2023-08-21','15:30:00.000000',NULL,7,NULL,19,23),(43,'2023-08-22','10:15:00.000000',NULL,7,NULL,19,23),(44,'2023-08-22','11:15:00.000000',NULL,7,NULL,19,23),(45,'2023-08-23','13:15:00.000000',NULL,7,NULL,19,23),(46,'2023-08-25','11:15:00.000000',NULL,7,NULL,19,23),(47,'2023-08-28','15:30:00.000000',NULL,7,NULL,19,23),(48,'2023-08-29','10:15:00.000000',NULL,7,NULL,19,23),(49,'2023-08-30','13:15:00.000000',NULL,7,NULL,19,23),(51,'2023-09-25','11:15:00.000000',NULL,5,NULL,12,13),(52,'2023-09-25','14:15:00.000000',NULL,3,NULL,12,13),(53,'2023-08-14','10:15:00.000000',NULL,6,NULL,17,22),(54,'2023-08-16','11:15:00.000000',NULL,6,NULL,17,22),(55,'2023-09-26','10:15:00.000000',NULL,3,NULL,28,1),(56,'2023-08-09','13:15:00.000000',NULL,1,2,1,2),(57,'2023-09-26','13:15:00.000000',NULL,5,NULL,28,1),(58,'2023-09-26','14:15:00.000000',NULL,5,NULL,12,13),(59,'2023-08-17','10:15:00.000000',NULL,6,NULL,17,22),(60,'2023-08-19','14:15:00.000000',NULL,6,NULL,17,22),(61,'2023-08-21','13:15:00.000000',NULL,6,NULL,17,22),(62,'2023-08-22','10:15:00.000000',NULL,6,NULL,17,22),(63,'2023-08-23','11:15:00.000000',NULL,6,NULL,17,22),(64,'2023-08-24','10:15:00.000000',NULL,6,NULL,17,22),(65,'2023-08-28','13:15:00.000000',NULL,6,NULL,17,22),(66,'2023-08-29','10:15:00.000000',NULL,6,NULL,17,22),(67,'2023-08-30','11:15:00.000000',NULL,6,NULL,17,22),(68,'2023-08-31','10:15:00.000000',NULL,6,NULL,17,22),(69,'2023-09-02','14:15:00.000000',NULL,6,NULL,17,22),(70,'2023-09-06','11:15:00.000000',NULL,6,NULL,17,22),(71,'2023-09-07','10:15:00.000000',NULL,6,NULL,17,22),(72,'2023-09-09','14:15:00.000000',NULL,6,NULL,17,22),(73,'2023-09-11','13:15:00.000000',NULL,6,NULL,17,22),(74,'2023-09-13','11:15:00.000000',NULL,6,NULL,17,22),(75,'2023-09-18','11:15:00.000000',NULL,6,NULL,17,22),(76,'2023-09-18','13:15:00.000000',NULL,6,NULL,17,22),(77,'2023-09-20','11:15:00.000000',NULL,6,NULL,17,22),(78,'2023-09-21','10:15:00.000000',NULL,6,NULL,17,22),(79,'2023-09-23','14:15:00.000000',NULL,6,NULL,17,22),(80,'2023-09-25','13:15:00.000000',NULL,6,NULL,17,22),(81,'2023-09-26','15:30:00.000000',12,3,NULL,31,1),(82,'2023-09-27','11:15:00.000000',NULL,3,NULL,12,13),(83,'2023-09-27','13:15:00.000000',13,3,NULL,31,1),(84,'2023-09-29','13:15:00.000000',NULL,5,NULL,12,13),(85,'2023-08-08','14:15:00.000000',NULL,1,1,10,17),(86,'2023-08-09','14:15:00.000000',NULL,1,1,10,17),(87,'2023-08-11','10:15:00.000000',NULL,1,1,10,17),(88,'2023-08-16','14:15:00.000000',NULL,1,1,10,17),(89,'2023-08-18','10:15:00.000000',NULL,1,1,10,17),(90,'2023-08-22','14:15:00.000000',NULL,1,1,10,17),(91,'2023-08-23','14:15:00.000000',NULL,1,1,10,17),(92,'2023-08-25','10:15:00.000000',NULL,1,1,10,17),(93,'2023-08-29','14:15:00.000000',NULL,1,1,10,17),(94,'2023-09-29','14:15:00.000000',NULL,3,NULL,12,13),(95,'2023-09-29','14:15:00.000000',NULL,5,NULL,28,1),(96,'2023-09-30','10:15:00.000000',NULL,5,NULL,12,13),(97,'2023-09-30','10:15:00.000000',NULL,3,NULL,28,1),(98,'2023-09-30','13:15:00.000000',NULL,3,NULL,12,13);
/*!40000 ALTER TABLE `masters_lecturetaken` ENABLE KEYS */;
UNLOCK TABLES;

--
-- Table structure for table `masters_practicalbatch`
--

DROP TABLE IF EXISTS `masters_practicalbatch`;
/*!40101 SET @saved_cs_client     = @@character_set_client */;
/*!50503 SET character_set_client = utf8mb4 */;
CREATE TABLE `masters_practicalbatch` (
  `id` bigint NOT NULL AUTO_INCREMENT,
  `batch_name` varchar(50) NOT NULL,
  `student_class_id` bigint DEFAULT NULL,
  PRIMARY KEY (`id`),
  KEY `masters_practicalbat_student_class_id_0ad14aac_fk_masters_c` (`student_class_id`),
  CONSTRAINT `masters_practicalbat_student_class_id_0ad14aac_fk_masters_c` FOREIGN KEY (`student_class_id`) REFERENCES `masters_class` (`id`)
) ENGINE=InnoDB AUTO_INCREMENT=33 DEFAULT CHARSET=utf8mb4 COLLATE=utf8mb4_0900_ai_ci;
/*!40101 SET character_set_client = @saved_cs_client */;

--
-- Dumping data for table `masters_practicalbatch`
--

LOCK TABLES `masters_practicalbatch` WRITE;
/*!40000 ALTER TABLE `masters_practicalbatch` DISABLE KEYS */;
INSERT INTO `masters_practicalbatch` VALUES (1,'B1',1),(2,'B2',1),(3,'B3',1),(4,'B4',1),(5,'B5',1),(6,'A1',2),(7,'A2',2),(8,'A3',2),(9,'A4',2),(10,'A5',2),(11,'A1',3),(12,'A2',3),(13,'A3',3),(14,'A4',3),(15,'A5',3),(16,'A1',4),(17,'A2',4),(18,'B1',5),(19,'B2',5),(20,'B3',5),(21,'B4',5),(22,'B5',5),(23,'A1',6),(24,'A2',6),(25,'A3',6),(26,'A4',6),(27,'A5',6),(28,'B1',7),(29,'B2',7),(30,'B3',7),(31,'B4',7),(32,'B5',7);
/*!40000 ALTER TABLE `masters_practicalbatch` ENABLE KEYS */;
UNLOCK TABLES;

--
-- Table structure for table `masters_semester`
--

DROP TABLE IF EXISTS `masters_semester`;
/*!40101 SET @saved_cs_client     = @@character_set_client */;
/*!50503 SET character_set_client = utf8mb4 */;
CREATE TABLE `masters_semester` (
  `id` bigint NOT NULL AUTO_INCREMENT,
  `sem_year` smallint unsigned NOT NULL,
  `sem_num` int NOT NULL,
  `department_id` bigint NOT NULL,
  PRIMARY KEY (`id`),
  KEY `masters_semester_department_id_8312c99f_fk_masters_department_id` (`department_id`),
  CONSTRAINT `masters_semester_department_id_8312c99f_fk_masters_department_id` FOREIGN KEY (`department_id`) REFERENCES `masters_department` (`id`),
  CONSTRAINT `masters_semester_chk_1` CHECK ((`sem_year` >= 0))
) ENGINE=InnoDB AUTO_INCREMENT=7 DEFAULT CHARSET=utf8mb4 COLLATE=utf8mb4_0900_ai_ci;
/*!40101 SET character_set_client = @saved_cs_client */;

--
-- Dumping data for table `masters_semester`
--

LOCK TABLES `masters_semester` WRITE;
/*!40000 ALTER TABLE `masters_semester` DISABLE KEYS */;
INSERT INTO `masters_semester` VALUES (1,4,7,1),(2,2,3,1),(3,3,5,1),(4,2,3,2),(5,3,5,2),(6,4,7,2);
/*!40000 ALTER TABLE `masters_semester` ENABLE KEYS */;
UNLOCK TABLES;

--
-- Table structure for table `masters_student`
--

DROP TABLE IF EXISTS `masters_student`;
/*!40101 SET @saved_cs_client     = @@character_set_client */;
/*!50503 SET character_set_client = utf8mb4 */;
CREATE TABLE `masters_student` (
  `id` bigint NOT NULL AUTO_INCREMENT,
  `batu_prn` varchar(20) NOT NULL,
  `prn` varchar(10) NOT NULL,
  `roll_no` int NOT NULL,
  `email` varchar(254) NOT NULL,
  `self_phone_number` varchar(15) NOT NULL,
  `parents_phone_number` varchar(15) NOT NULL,
  `first_name` varchar(50) NOT NULL,
  `middle_name` varchar(50) DEFAULT NULL,
  `last_name` varchar(50) NOT NULL,
  `address` longtext NOT NULL,
  `batch_id` bigint DEFAULT NULL,
  `department_id` bigint DEFAULT NULL,
  `elective_id` bigint DEFAULT NULL,
  `sem_id` bigint DEFAULT NULL,
  `student_class_id` bigint DEFAULT NULL,
  PRIMARY KEY (`id`),
  UNIQUE KEY `batu_prn` (`batu_prn`),
  UNIQUE KEY `prn` (`prn`),
  UNIQUE KEY `email` (`email`),
  KEY `masters_student_batch_id_dcf1d966_fk_masters_practicalbatch_id` (`batch_id`),
  KEY `masters_student_department_id_066d8584_fk_masters_department_id` (`department_id`),
  KEY `masters_student_elective_id_5932b1e1_fk_masters_t` (`elective_id`),
  KEY `masters_student_sem_id_d66a4b09_fk_masters_semester_id` (`sem_id`),
  KEY `masters_student_student_class_id_2dc5f41a_fk_masters_class_id` (`student_class_id`),
  CONSTRAINT `masters_student_batch_id_dcf1d966_fk_masters_practicalbatch_id` FOREIGN KEY (`batch_id`) REFERENCES `masters_practicalbatch` (`id`),
  CONSTRAINT `masters_student_department_id_066d8584_fk_masters_department_id` FOREIGN KEY (`department_id`) REFERENCES `masters_department` (`id`),
  CONSTRAINT `masters_student_elective_id_5932b1e1_fk_masters_t` FOREIGN KEY (`elective_id`) REFERENCES `masters_theoryelective` (`id`),
  CONSTRAINT `masters_student_sem_id_d66a4b09_fk_masters_semester_id` FOREIGN KEY (`sem_id`) REFERENCES `masters_semester` (`id`),
  CONSTRAINT `masters_student_student_class_id_2dc5f41a_fk_masters_class_id` FOREIGN KEY (`student_class_id`) REFERENCES `masters_class` (`id`)
) ENGINE=InnoDB AUTO_INCREMENT=609 DEFAULT CHARSET=utf8mb4 COLLATE=utf8mb4_0900_ai_ci;
/*!40101 SET character_set_client = @saved_cs_client */;

--
-- Dumping data for table `masters_student`
--

LOCK TABLES `masters_student` WRITE;
/*!40000 ALTER TABLE `masters_student` DISABLE KEYS */;
INSERT INTO `masters_student` VALUES (1,'2021141242098','202146101',46101,'rathodsatyamkumar@gmail.com','7038976087','9850726168','SATYAMKUMAR','ANIL','RATHOD','Aurangabad',1,1,1,1,1),(2,'2021141242099','202146102',46102,'abuhayyan011@gmail.com','8956460406','8007862687','SHAIKH','ABU','MUNEEB','Aurangabad',1,1,1,1,1),(3,'2021141242102','202146103',46103,'sharadmohite2122@gmail.com','9146052124','7507746563','SHARAD','VISHNU','MOHITE','Aurangabad',1,1,1,1,1),(4,'2021141242103','202146104',46104,'rohanss358@gmail.com','9823582451','8698143604','SHINDE','ROHAN','SIDDHARTH','Aurangabad',1,1,1,1,1),(5,'2021141242104','202146105',46105,'shitalshingate1810@gmail.com','7058556407','9860663306','SHITAL','AVINASH','SHINGATE','Aurangabad',1,1,1,1,1),(6,'2021141242105','202146106',46106,'shitalminke01@gmail.com','8788343881','8788343881','SHITAL','SANGRAM','MINKE','Aurangabad',1,1,1,1,1),(7,'2021141242106','202146107',46107,'shivamnalge610@yahoo.com','9284602925','9284602925','SHIVAM','SHAM','NALGE','Aurangabad',1,1,1,1,1),(8,'2021141242107','202146108',46108,'shreyashpsingh1@gmail.com','7972108138','9823113453','SHREYAS','PRAVEEN','SINGH','Aurangabad',1,1,1,1,1),(9,'2021141242108','202146109',46109,'shreyashkendre4@gmail.com','7972437226','9822061335','SHREYASH','nan','KENDRE','Aurangabad',1,1,1,1,1),(10,'2021141242109','202146110',46110,'mupadeshrikant@gmail.com','9146207706','8308958871','SHRIKANT','SHIVAJI','MUPADE','Aurangabad',1,1,1,1,1),(11,'2021141242110','202146111',46111,'shrutiburla@gmail.com','9373532328','9665799492','SHRUTI','RAJU','BURLA','Aurangabad',1,1,1,1,1),(12,'2021141242111','202146112',46112,'shrutikasoni375@gmail.com','8767079327','9387796260','SHRUTIKA','RADHESHAM','SONI','Aurangabad',1,1,1,1,1),(13,'2021141242112','202146113',46113,'shubhamshahane238@gmail.com','8624945099','9049709979','SHUBHAM','SAHEBRAO','SHAHANE','Aurangabad',1,1,1,1,1),(14,'2021141242113','202146114',46114,'siddheshshrikhande18@gmail.com','7776912119','7709073237','SIDDHESHKUMAR','nan','SHRIKHANDE','Aurangabad',1,1,1,1,1),(15,'2021141242114','202146115',46115,'sonawanesikta9@gmail.com','9423744970','8329989689','SIKTA','DILIP','SONAWANE','Aurangabad',1,1,1,1,1),(16,'2021141242116','202146116',46116,'sonamgutte2002@gmail.com','9922040475','8788886409','SONAM','BHIMRAO','GUTTE','Aurangabad',2,1,1,1,1),(17,'2021141242117','202146117',46117,'soummyapanse6@gmail.com','9511798189','9922437173','SOUMMYA','ASHISH','PANSE','Aurangabad',2,1,1,1,1),(18,'2021141242118','202146118',46118,'sunnymix816@gmail.com','7387615816','9158360647','SUNNY','SURESHPRASAD','DAS','Aurangabad',2,1,1,1,1),(19,'2021141242123','202146119',46119,'darubaid9876@gmail.com','8082889877','9596441909','UBAID','nan','AFZAL','Aurangabad',2,1,1,1,1),(20,'2021141242124','202146120',46120,'rk302810@gmail.com','8830959506','9420414010','UMAR','PARVEZ','KHAN','Aurangabad',2,1,1,1,1),(21,'2021141242126','202146121',46121,'vaibhavsuryawanshi21980@gmail.com','9356224325','9890143079','VAIBHAV','UMESH','SURYAWANSHI','Aurangabad',2,1,1,1,1),(22,'2021141242127','202146122',46122,'vaishnavi431001@gmail.com','8999788825','8788611031','VAISHNAVI','DHANANJAY','KHILLARE','Aurangabad',2,1,1,1,1),(23,'2021141242130','202146123',46123,'vmapari19@gmail.com','9403057826','8055729974','VINAYAK','BASWESHWARAPPA','MAPARI','Aurangabad',2,1,1,1,1),(24,'2021141242131','202146124',46124,'vrajm1542@gmail.com','8379850678','9420401740','VRAJ','HEMANT','MAKADIA','Aurangabad',2,1,1,1,1),(25,'2021141242132','202146125',46125,'vrushalikale.vjk17@gmail.com','9822330279','9822330279','VRUSHALI','JAGDISH','KALE','Aurangabad',2,1,1,1,1),(26,'2021141242137','202146126',46126,'vj89248@gmail.com','7588189530','8483989852','VISHNU','HARICHANDRA','JADHAV','Aurangabad',2,1,1,1,1),(27,'2021141372001','202146127',46127,'abhiadani133@gmail.com','9172932229','9561271243','ABHIJEET','VISHNUPANT','ADANI','Aurangabad',2,1,1,1,1),(28,'2021141372007','202146128',46128,'gaishwarya370@gmail.com','9307249753','9307249753','AISHWARYA','VIJAY','GHADMODE','Aurangabad',2,1,1,1,1),(29,'2021141372051','202146129',46129,'saiyampurohit.2002@gmail.com','8956777824','8956777824','SAIYAM','SANJAY','PUROHIT','Aurangabad',2,1,1,1,1),(30,'2121141242501','202146130',46130,'ruchadahiwale5522@gmail.com','7498711851','8329087680','RUCHA','ANANT','DAHIWALE','Aurangabad',2,1,1,1,1),(31,'2121141242504','202146131',46131,'waghyogita07@gmail.com','8805930101','9834357717','YOGITA','RAJENDRA','WAGH','Aurangabad',3,1,1,1,1),(32,'2121141242505','202146132',46132,'kazimuneeb5@gmail.com','9890313072','8999554229','KAZI','MOHAMMED','MUNEEBUDDIN','Aurangabad',3,1,1,1,1),(33,'2121141242506','202146133',46133,'sidpawar2404@gmail.com','8830723813','8668929312','SIDDHI','VILAS','PAWAR','Aurangabad',3,1,1,1,1),(34,'2121141242507','202146134',46134,'janhavidongre07@gmail.com','9579533188','9325200230','JANHAVI','APPASAHEB','DONGRE','Aurangabad',3,1,1,1,1),(35,'2121141242512','202146135',46135,'maliarati9767@gmail.com','7248997091','9767145123','ARATI','KESHAV','MALI','Aurangabad',3,1,1,1,1),(36,'2121141242515','202146136',46136,'swathisingu123@gmail.com','9112154959','9665572144','SWATHI','CHANDRA','SINGU','Aurangabad',3,1,1,1,1),(37,'2121141242516','202146137',46137,'syedaahana618@gmail.com','8624815506','8624815506','SYED','AHANA','AHMED','Aurangabad',3,1,1,1,1),(38,'2121141242517','202146138',46138,'abhishekmj234@gmail.com','7796267449','9822678521','ABHISHEK','MANOJ','JADHAV','Aurangabad',3,1,1,1,1),(39,'2121141242518','202146139',46139,'tejassonavane76@gmail.com','9503504442','9730597774','TEJAS','DINESH','SONAWANE','Aurangabad',3,1,1,1,1),(40,'2121141242519','202146140',46140,'abhijeetkadtan47@gmail.com','8177955445','8793418547','ABHIJEET','RAJENDRA','KADTAN','Aurangabad',3,1,1,1,1),(41,'2000000000000','202146141',46141,'rajpandey24105@gmail.com','9423854023','7040754404','RAJ','BHOLANSHAKAR','PANDEY','Aurangabad',3,1,1,1,1),(42,'2021141242010','202146142',46142,'khanaffankhan1@gmail.com','7276738751','9970065465','AFFAN','AHMED','KHAN','Aurangabad',3,1,2,1,1),(43,'2021141242028','202146143',46143,'atharvagulve1306@gmail.com','9527021331','9422212754','ATHARVA','UDAYKUMAR','GULVE','Aurangabad',3,1,2,1,1),(44,'2021141242030','202146144',46144,'avinashsharma82696@gmail.com','9673138626','9822535791','AVINASH','SHASHI','SHARMA','Aurangabad',3,1,2,1,1),(45,'2021141242036','202146145',46145,'skfaheem3138055@gmail.com','9975275870','9881594602','FAHEEM','MOHAMMED','SHAIKH','Aurangabad',3,1,2,1,1),(46,'2021141242041','202146146',46146,'jaiswalharsh619@gmail.com','8767911256','8208871700','HARSHAD','ANAND','JAISWAL','Aurangabad',4,1,2,1,1),(47,'2021141242042','202146147',46147,'barsagadenandini@gmail.com','8668476945','9421731133','NANDINI','HEMANT','BARSAGADE','Aurangabad',4,1,2,1,1),(48,'2021141242044','202146148',46148,'ishwarjagdale50@gmail.com','8999367986','9049105675','ISHWAR','SONYABAPU','JAGDALE','Aurangabad',4,1,2,1,1),(49,'2021141242055','202146149',46149,'makbond0902@gmail.com','9325971491','9403753594','MAYANK','MOHAN','BONDRE','Aurangabad',4,1,2,1,1),(50,'2021141242058','202146150',46150,'mohammadumar5798@gmail.com','7666895798','9175448171','MOHAMMAD','UMAR','GAFFAR','Aurangabad',4,1,2,1,1),(51,'2021141242059','202146151',46151,'zaidsiddiqui9850@gmail.com','7875774703','9850240244','MOHAMMED','ZAID','SIDDIQUI','Aurangabad',4,1,2,1,1),(52,'2021141242066','202146152',46152,'omkarsaraf18@gmail.com','7447642517','9552336631','OMKAR','ANKUSH','SARAF','Aurangabad',4,1,2,1,1),(53,'2021141242069','202146153',46153,'pawangaikwad1810@gmail.com','8956525442','8806212842','GAIKWAD','PAWAN','SUDHAKAR','Aurangabad',4,1,2,1,1),(54,'2021141242082','202146154',46154,'rahul3586yadav@gmail.com','8115365514','9935321223','RAHUL','RAJIV','YADAV','Aurangabad',4,1,2,1,1),(55,'2021141242083','202146155',46155,'rahulwaghmare13579@gmail.com','7297022783','7249352544','RAHUL','SANTOSH','WAGHMARE','Aurangabad',4,1,2,1,1),(56,'2021141242085','202146156',46156,'santoshmangdare11@gmail.com','8767332131','8767332131','RITESH','SANTOSH','MANGDARE','Aurangabad',4,1,2,1,1),(57,'2021141242091','202146157',46157,'adilkhane78@gmail.com','8208331810','9067290475','SAJID','JABBAR','SHAIKH','Aurangabad',4,1,2,1,1),(58,'2021141242096','202146158',46158,'sananabdul56@gmail.com','8788220990','9423453552','SANAN','KHUSRO','TALIGAR','Aurangabad',4,1,2,1,1),(59,'2021141242101','202146159',46159,'tangesham20@gmail.com','9307907737','9561355939','SHAM','GOPALRAO','TANGE','Aurangabad',4,1,2,1,1),(60,'2021141242115','202146160',46160,'sonalsanjaydiwan777@gmail.com','7240533214','9860839440','SONAL','SANJAY','DIWAN','Aurangabad',4,1,2,1,1),(61,'2021141242119','202146161',46161,'quadrisyedminnatullah@gmail.com','9881978944','9766224424','SYED','nan','MINNATULLAH','Aurangabad',4,1,2,1,1),(62,'2021141242120','202146162',46162,'tejasdalvi124b@gmail.com','7620293236','9766079447','TEJAS','VIDYADHAR','DALVI','Aurangabad',4,1,2,1,1),(63,'2021141242121','202146163',46163,'teki9ggxdgg@gmail.com','9765761979','8690585788','TEJAS','ASHOK','SOLANKE','Aurangabad',5,1,2,1,1),(64,'2021141242122','202146164',46164,'tejasvini0812@gmail.com','9322674476','9373741343','TEJASVINI','MACHHINDRA','SHIRSATH','Aurangabad',5,1,2,1,1),(65,'2021141242125','202146165',46165,'girivaibhav918@gmail.com','9579382282','9284205828','VAIBHAV','VAIJNATH','GIRI','Aurangabad',5,1,2,1,1),(66,'2021141242129','202146166',46166,'tvedangi@gmail.com','9823061520','9665550455','VEDANGI','MAHENDRA','THOMBARE','Aurangabad',5,1,2,1,1),(67,'2021141242133','202146167',46167,'untwalewaseb@gmail.com','9325780522','9423521634','UNTWALE','WASEB','IKRAMODDIN','Aurangabad',5,1,2,1,1),(68,'2021141242134','202146168',46168,'zaidbaig738@gmail.com','9730956369','9860467750','ZAID','MOHAMMED','BAIG','Aurangabad',5,1,2,1,1),(69,'2021141242135','202146169',46169,'madhuraharalkar@gmail.com','9767054671','9272660885','MADHURA','VINOD','HARALKAR','Aurangabad',5,1,2,1,1),(70,'2021141242136','202146170',46170,'narenpopale@gmail.com','9373671242','7350333121','NAREN','DEEPAK','POPALE','Aurangabad',5,1,2,1,1),(71,'2021141372048','202146171',46171,'ghorpade.2015@rediffmail.com','8149146437','8149146437','RENUKA','ANIL','GHORPADE','Aurangabad',5,1,2,1,1),(72,'2121141242502','202146172',46172,'skmudassirahmed@gmail.com','9021156816','9325363543','SHAIKH','MUDASSIR','AHMED','Aurangabad',5,1,2,1,1),(73,'2121141242503','202146173',46173,'sk.mohsin.7796@gmail.com','7796841348','9822899067','SHAIKH','MOHSIN','MUJAHID','Aurangabad',5,1,2,1,1),(74,'2121141242508','202146174',46174,'rutikjalhare551@gmail.com','9545331449','9545331449','RUTIK','SUBHASH','JALHARE','Aurangabad',5,1,2,1,1),(75,'2121141242509','202146175',46175,'padolerenuka90@gmail.com','7972458924','9823862332','RENUKA','SANJAY','PADOLE','Aurangabad',5,1,2,1,1),(76,'2121141242510','202146176',46176,'joshiaarti022002@gmail.com','8421580183','9156401820','AARTI','PRAMOD','JOSHI','Aurangabad',5,1,2,1,1),(77,'2121141242511','202146177',46177,'rushikeshmalani66@gmail.com','9561332639','9421647758','RUSHIKESH','SANJAY','MALANI','Aurangabad',5,1,2,1,1),(78,'2121141242514','202146178',46178,'shaikhaffan005@gmail.com','9359296919','9975816783','AFFAN','nan','HABIBUDDIN','Aurangabad',5,1,2,1,1),(81,'2121141242004','202136001',36001,'pzarad2@gmail.com','7666396601','7666396601','PRASAD','SHANTILAL','ZARAD','Aurangabad',11,1,NULL,3,3),(82,'2121141242005','202136002',36002,'nikamvenkatesh1@gmail.com','9860241730','8208595700','VENKATESH','VILAS','NIKAM','Aurangabad',11,1,NULL,3,3),(83,'2121141242006','202136003',36003,'vmapari678@gmail.com','8010544580','8308768080','VAISHNAVI','SURESH','MAPARI','Aurangabad',11,1,NULL,3,3),(84,'2121141242007','202136004',36004,'vivekdjjj@gmail.com','8459655383','9423712689','VIVEK','VILASRAO','RODE','Aurangabad',11,1,NULL,3,3),(85,'2121141242008','202136005',36005,'rutujataro@gmail.com','9890223917','9403084550','RUTUJA','SANJAY','TARO','Aurangabad',11,1,NULL,3,3),(86,'2121141242009','202136006',36006,'sonalishakhawar2@gmail.com','7767917033','8421339583','SONALI','BALAJI','SHAKHAWAR','Aurangabad',11,1,NULL,3,3),(87,'2121141242010','202136007',36007,'virajbshinde7776@gmail.com','8080481158','9422243791','VIRAJ','BHAGWATRAO','SHINDE','Aurangabad',11,1,NULL,3,3),(88,'2121141242011','202136008',36008,'ruturajsonone@gmail.com','8485060869','9975401327','RUTURAJ','PRAMOD','SONONE','Aurangabad',11,1,NULL,3,3),(89,'2121141242012','202136009',36009,'utkarshatayade03@gmail.com','9767601002','9822593208','UTKARSHA','SUNIL','TAYADE','Aurangabad',11,1,NULL,3,3),(90,'2121141242013','202136010',36010,'suryawanshitanvi468@gmail.com','9132633232','9422877615','TANVI','RAJARAM','SURYAWANSHI','Aurangabad',11,1,NULL,3,3),(91,'2121141242014','202136011',36011,'tanujashihare25@gmail.com','9309245562','7588532496','TANUJA','SANJAY','SHIHARE','Aurangabad',11,1,NULL,3,3),(92,'2121141242015','202136012',36012,'shubhamwangekar2002@gmail.com','7038024597','9860506185','SHUBHAM','PRALHAD','WANGEKAR','Aurangabad',11,1,NULL,3,3),(93,'2121141242016','202136013',36013,'sanavipanchpor@gmail.com','7387378809','9850485987','SANVI','SUSHANT','PANCHPOR','Aurangabad',11,1,NULL,3,3),(94,'2121141242017','202136014',36014,'aishurp2003@gmail.com','9699153665','8888305300','AISHWARYA','RAJUSING','PARDESHI','Aurangabad',11,1,NULL,3,3),(95,'2121141242018','202136015',36015,'Sablerohit141@gmail.com','9552408240','9421973485','ROHIT','GANESH','SABLE','Aurangabad',11,1,NULL,3,3),(96,'2121141242019','202136016',36016,'mansinagargoje59@gmail.com','9511242707','9823546627','MANSI','VIJAYKUMAR','NAGARGOJE','Aurangabad',12,1,NULL,3,3),(97,'2121141242020','202136017',36017,'sakshirampallewar@gmail.com','8888074076','9881285770','SAKSHI','DATTATRAY','RAMPALLEWAR','Aurangabad',12,1,NULL,3,3),(98,'2121141242021','202136018',36018,'adityay1904@gmail.com','9637132516','8208914019','ADITYA','RAJABHAU','YADAV','Aurangabad',12,1,NULL,3,3),(99,'2121141242022','202136019',36019,'srushtipatil0201@gmail.com','9960130931','9960130931','SRUSHTI','JANARDHAN','PATIL','Aurangabad',12,1,NULL,3,3),(100,'2121141242023','202136020',36020,'nagepranali2003@gmail.com','9921587908','9767887121','PRANALI','PANDURANG','NAGE','Aurangabad',12,1,NULL,3,3),(101,'2121141242024','202136021',36021,'prathmeshsalunke758@gmail.com','9307162671','7888193261','PRATHMESH','VITTHAL','SALUNKE','Aurangabad',12,1,NULL,3,3),(102,'2121141242025','202136022',36022,'contactsanskarcs@gmail.com','8459855034','9403014057','SANSKAR','KUNDAN','SURYAWANSHI','Aurangabad',12,1,NULL,3,3),(103,'2121141242026','202136023',36023,'gajananraut852@gmail.com','8999277012','8888705740','ROHIT','GAJANAN','RAUT','Aurangabad',12,1,NULL,3,3),(104,'2121141242027','202136024',36024,'razvisyed2002@gmail.com','7397889606','9503153235','SYED','HOSAAMUDDIN','RAZVI','Aurangabad',12,1,NULL,3,3),(105,'2121141242028','202136025',36025,'junitsurani@gmail.com','8669048966','9226153185','JUNIT','PRAKASH','SURANI','Aurangabad',12,1,NULL,3,3),(106,'2121141242029','202136026',36026,'tahasiddiqui541@gmail.com','9766275884','7798526805','TAHA','AREEB','SIDDIQUI','Aurangabad',12,1,NULL,3,3),(107,'2121141242030','202136027',36027,'ukeprem@gmail.com','9307175940','7387238165','PREM','DIWAKAR','UKE','Aurangabad',12,1,NULL,3,3),(108,'2121141242031','202136028',36028,'yogeshshewalkar02@gmail.com','8080951201','9511228210','YOGESH','MAHESH','SHEWALKAR','Aurangabad',12,1,NULL,3,3),(109,'2121141242032','202136029',36029,'jidnyasapawar2003@gmail.com','9823479982','9823479982','JIDNYASA','RAJU','PAWAR','Aurangabad',12,1,NULL,3,3),(110,'2121141242033','202136030',36030,'harshalthakur34035@gmail.com','9420375643','7588930512','HARSHAL','GANESH','THAKUR','Aurangabad',12,1,NULL,3,3),(111,'2121141242034','202136031',36031,'satyaprakashdsuryawanshi@gmail.com','9405692554','9423744806','SATYAPRAKASH','DEVIDAS','SURYAWANSHI','Aurangabad',13,1,NULL,3,3),(112,'2121141242035','202136032',36032,'sushantspatil333@gmail.com','9359987544','9422206317','SUSHANT','SANDEEP','PATIL','Aurangabad',13,1,NULL,3,3),(113,'2121141242036','202136033',36033,'saurabhpembhare7@gmail.com','9096118592','9850361185','SAURABH','BHAGWAN','PEMBHARE','Aurangabad',13,1,NULL,3,3),(114,'2121141242037','202136034',36034,'gauravwararkar987@gmail.com','7841822050','9764553937','GAURAV','BANDU','WARARKAR','Aurangabad',13,1,NULL,3,3),(115,'2121141242038','202136035',36035,'nalbheprasad@gmail.com','7276646155','7558725331','PRASAD','RAJENDRA','NALBHE','Aurangabad',13,1,NULL,3,3),(116,'2121141242039','202136036',36036,'shubhamragade2003@gmail.com','9022128824','7028479013','SHUBHAM','BALASAHEB','RAGADE','Aurangabad',13,1,NULL,3,3),(117,'2121141242040','202136037',36037,'dineshshrirame27@gmail.com','8262879799','9834381544','DINESH','DATTA','SHRIRAME','Aurangabad',13,1,NULL,3,3),(118,'2121141242041','202136038',36038,'sunnynikam3228@gmail.com','7588797479','9890754761','SUNNY','BAPU','NIKAM','Aurangabad',13,1,NULL,3,3),(119,'2121141242042','202136039',36039,'pathareshubham079@gmail.com','8080977200','8080977200','SHUBHAM','BHAUSAHEB','PATHARE','Aurangabad',13,1,NULL,3,3),(120,'2121141242043','202136040',36040,'vedantmohite45@gmail.com','9359009891','9422464632','VEDANT','SHAHAJI','MOHITE','Aurangabad',13,1,NULL,3,3),(121,'2121141242044','202136041',36041,'rithess05@gmail.com','9209358353','9209358353','SAKSHI','SOMINATH','RITHE','Aurangabad',13,1,NULL,3,3),(122,'2121141242045','202136042',36042,'akashnalawade12345678@gmail.com','8237843669','7798914350','AKASH','ASHOK','NALAWADE','Aurangabad',13,1,NULL,3,3),(123,'2121141242046','202136043',36043,'shelkeanchal2003@gmail.com','8668453562','9403057345','ANCHAL','SHRIDHAR','SHELKE','Aurangabad',13,1,NULL,3,3),(124,'2121141242047','202136044',36044,'puritejas781@gmail.com','9209058781','8329560731','TEJAS','VISHNU','PURI','Aurangabad',13,1,NULL,3,3),(125,'2121141242048','202136045',36045,'ghatolkarsanjana2004@gmail.com','8261859405','8830011264','SANJANA','SANJAY','GHATOLKAR','Aurangabad',13,1,NULL,3,3),(126,'2121141242049','202136046',36046,'kalyaniwaghchaure2@gmail.com','8767721288','9763848589','KALYANI','SAINATH','WAGHCHAURE','Aurangabad',14,1,NULL,3,3),(127,'2121141242050','202136047',36047,'mrunalzambre21@gmail.com','9421791627','9420240364','MRUNAL','MADHUSUDAN','ZAMBRE','Aurangabad',14,1,NULL,3,3),(128,'2121141242051','202136048',36048,'balajitakle01@gmail.com','9322929953','9860308317','BALAJI','ANNABHAU','TAKLE','Aurangabad',14,1,NULL,3,3),(129,'2121141242052','202136049',36049,'sarthakganesha@gmail.com','9315100897','9881523435','VARAD','GAJENDRA','DESHPANDE','Aurangabad',14,1,NULL,3,3),(130,'2121141242053','202136050',36050,'vinayak.parsewar55@gmail.com','8888441662','9822028988','VINAYAK','PRAMOD','PARSEWAR','Aurangabad',14,1,NULL,3,3),(131,'2121141242054','202136051',36051,'abhishekmuley2025@gmail.com','9307389848','9767672960','ABHISHEK','RAJESH','MULEY','Aurangabad',14,1,NULL,3,3),(132,'2121141242055','202136052',36052,'waghmanjusha74@gmail.com','8956320994','9422351670','MANJUSHA','ARVIND','WAGH','Aurangabad',14,1,NULL,3,3),(133,'2121141242056','202136053',36053,'vaishnaviwaghole132@gmail.com','9022358828','9823410950','VAISHNAVI','RAJENDRA','WAGHOLE','Aurangabad',14,1,NULL,3,3),(134,'2121141242057','202136054',36054,'gayatrisuryawanshi2404@gmail.com','8149667080','9765353376','GAYATRI','SHANKARLAL','SURYAWANSHI','Aurangabad',14,1,NULL,3,3),(135,'2121141242058','202136055',36055,'saniyamore66@gmail.com','9146889407','9923394342','SANIYA','TATYASAHEB','MORE','Aurangabad',14,1,NULL,3,3),(136,'2121141242059','202136056',36056,'tayadepranjal2903@gmail.com','9975498535','8329386661','PRANJAL','VISHNU','TAYADE','Aurangabad',14,1,NULL,3,3),(137,'2121141242060','202136057',36057,'vaishnavitonpe0@gmail.com','8847754376','8329019009','VAISHNAVI','SUNIL','TONPE','Aurangabad',14,1,NULL,3,3),(138,'2121141242061','202136058',36058,'ppraje123@gmail.com','8790962217','8999979327','PAYASWINI','PRAJESH','RAJE','Aurangabad',14,1,NULL,3,3),(139,'2121141242062','202136059',36059,'sonalikotlapure@gmail.com','7620152811','9579377431','SONALI','NAGNATH','KOTLAPURE','Aurangabad',14,1,NULL,3,3),(140,'2121141242063','202136060',36060,'nehapanchal66477@gmail.com','7028866477','8087521249','SNEHAL','SUBHASH','PANCHAL','Aurangabad',14,1,NULL,3,3),(141,'2121141242064','202136061',36061,'omraut042004@gmail.com','7387432847','8600542365','OM','BALU','RAUT','Aurangabad',15,1,NULL,3,3),(142,'2121141242065','202136062',36062,'Shindeprathamesh1515@gmail.com','8208052637','9890500792','PRATHAMESH','ASHOK','SHINDE','Aurangabad',15,1,NULL,3,3),(143,'2121141242066','202136063',36063,'anrathod2895@gmail.com','9156619887','9921234616','ASHISH','NAMDEO','RATHOD','Aurangabad',15,1,NULL,3,3),(144,'2121141242067','202136064',36064,'riteshwarkad4711@gmail.com','8530301855','9371874711','RITESH','UDAY','WARKAD','Aurangabad',15,1,NULL,3,3),(145,'2121141242068','202136065',36065,'amitbarve2003@gmail.com','8275404175','8275404175','AMIT','GHANSHYAM','BARVE','Aurangabad',15,1,NULL,3,3),(146,'2121141242069','202136066',36066,'tejasgadhe1920@gmail.com','7507693344','7798288414','TEJAS','RAJESH','GADHE','Aurangabad',15,1,NULL,3,3),(147,'2121141242070','202136067',36067,'vaibhav080103@gmail.com','9284018080','8888077975','VAIBHAV','DATTU','MALODE','Aurangabad',15,1,NULL,3,3),(148,'2121141242071','202136068',36068,'faizanahmed4355@gmail.com','7666638440','9822241833','AHMED','AEJAZ','FAIZAN','Aurangabad',15,1,NULL,3,3),(149,'2121141242072','202136069',36069,'akashgolde2003@gmail.com','9421778363','9823631760','AKASH','LAXMAN','GOLDE','Aurangabad',15,1,NULL,3,3),(150,'2121141242073','202136070',36070,'rameshwarsg9881@gmail.com','9356888494','7620411121','RAMESHWAR','SHESHRAO','GUJAR','Aurangabad',15,1,NULL,3,3),(151,'2121141242074','202136071',36071,'manishakhadul6@gmail.com','9373805175','7498120551','MANISHA','LAXMAN','KHADUL','Aurangabad',15,1,NULL,3,3),(152,'2121141242075','202136072',36072,'rushikeshkarkhanecollegemail@gmail.com','7744875812','9822679130','RUSHIKESH','AJAY','KARKHANE','Aurangabad',15,1,NULL,3,3),(153,'2121141242076','202136073',36073,'anujaj2820@gmail.com','7385998237','7083472316','ANUJA','AJAY','JAGTAP','Aurangabad',15,1,NULL,3,3),(154,'2121141242077','202136074',36074,'samkamble523@gmail.com','8767531302','9503866691','SAMIR','SANJAY','KAMBLE','Aurangabad',15,1,NULL,3,3),(155,'2121141242078','202136075',36075,'prashantbangale666@gmail.com','7666919321','9922070019','PRASHANT','ANIL','BANGALE','Aurangabad',15,1,NULL,3,3),(156,'12766455467','123455436',43211,'nisarshai@GMAIL.COM','8765654321','987652112','FA','NN','NN','HMUFU',16,2,4,4,4),(157,'2121141242079','202136101',36101,'yashvanthange420@gmail.com','9921411446','9421340791','YASHVANT','MAHADEV','HANGE','Aurangabad',18,1,NULL,3,5),(158,'2121141242080','202136102',36102,'Shivdattlakhe999@gmail.com ','7875019927','7218437999','SHIVDATT','RAMESH','LAKHE','Aurangabad',18,1,NULL,3,5),(159,'2121141242081','202136103',36103,'vaibhavkaldate19@gmail.com','8308530394','9763787994','VAIBHAV','GAJANAN','KALDATE','Aurangabad',18,1,NULL,3,5),(160,'2121141242082','202136104',36104,'samakolhe677@gmail.com','9359931278','8805118070','SAMARTH','SHAHU','KOLHE','Aurangabad',18,1,NULL,3,5),(161,'2121141242083','202136105',36105,'jawanjaltanishq51@gmail.com','9370385596','9763309021','TANISHQ','LAXMAN','JAWANJAL','Aurangabad',18,1,NULL,3,5),(162,'2121141242085','202136106',36106,'omgadekar25@gmail.com ','9766625347','7387027532','OM','HARIBHAU','GADEKAR','Aurangabad',18,1,NULL,3,5),(163,'2121141242086','202136107',36107,'bawaskar126@gmail.com','7588611702','9423274010','ANAND','MAHESH','BAWASKAR','Aurangabad',18,1,NULL,3,5),(164,'2121141242087','202136108',36108,'bakharerushikesh@gmail.com ','7620171785','9404352979','RUSHIKESH','VIJAY','BAKHARE','Aurangabad',18,1,NULL,3,5),(165,'2121141242088','202136109',36109,'chopadeanand268@gmail.com','8010503913','9373898205','ANAND','GANESH','CHOPADE','Aurangabad',18,1,NULL,3,5),(166,'2121141242089','202136110',36110,'dudhamunjaji@gmail.com','9307140472','9309158945','YOGESH','MUNJAJI','DUDHATE','Aurangabad',18,1,NULL,3,5),(167,'2121141242090','202136111',36111,'umeshakade3@gmail.com ','9420399339','8484982861','UMESH','RAMESH','AKADE','Aurangabad',18,1,NULL,3,5),(168,'2121141242091','202136112',36112,'divyachoudhari22@gmail.com','7709055711','9975375318','DIVYA','LAXMANRAO','CHOUDHARI','Aurangabad',18,1,NULL,3,5),(169,'2121141242092','202136113',36113,'dhanashreed887@gmail.com','9370992017','7350683024','DHANASHREE','BABURAO','DURPADE','Aurangabad',18,1,NULL,3,5),(170,'2121141242093','202136114',36114,'atharvakad02@gmail.com ','7385898742','7385898742','ATHARVA','DILIP','KAD','Aurangabad',18,1,NULL,3,5),(171,'2121141242094','202136115',36115,'nileshidhate4115@gmail.com','8767230176','7276114072','NILESH','BALA','IDHATE','Aurangabad',18,1,NULL,3,5),(172,'2121141242095','202136116',36116,'Suyog9402@gmail.com','9272246916','9527029735','SUYOG','KAMALAKAR','GADEKAR','Aurangabad',19,1,NULL,3,5),(173,'2121141242096','202136117',36117,'chakravortydayeeta@gmail.com','7028060612','8308808291','DAYEETA','TOOFAN','CHAKRAVORTY','Aurangabad',19,1,NULL,3,5),(174,'2121141242097','202136118',36118,'kedarshah355@gmail.com','9503393590','8446708607','KEDAR','ARUN','SHAH','Aurangabad',19,1,NULL,3,5),(175,'2121141242098','202136119',36119,'gauravtetwar99@gmail.com','0','0','GAURAV','RAJU','TETWAR','Aurangabad',19,1,NULL,3,5),(176,'2121141242099','202136120',36120,'krishnadaute@gmail.com','7030153329','9423313942','KRISHNA','DNYANESHWAR','AUTE','Aurangabad',19,1,NULL,3,5),(177,'2121141242100','202136121',36121,'swapnildarwante613@gmail.com','8459531159','9579773067','SWAPNIL','DINKAR','DARWANTE','Aurangabad',19,1,NULL,3,5),(178,'2121141242101','202136122',36122,'arabzoya236@gmail.com ','9112202200','9665564444','ZOYA','KHALID','ARAB','Aurangabad',19,1,NULL,3,5),(179,'2121141242102','202136123',36123,'pratikshabhise87@gmail.com','8767047793','9579078712','PRATIKSHA','MADAN','BHISE','Aurangabad',19,1,NULL,3,5),(180,'2121141242103','202136124',36124,'khandareanagha2003@gmail.com','7040479610','9890428123','ANAGHA','SANTOSH','KHANDARE','Aurangabad',19,1,NULL,3,5),(181,'2121141242104','202136125',36125,'shantanumurtikar@gmail.com','9422723388','9422724388','SHANTANU','ANANT','KULKARNI','Aurangabad',19,1,NULL,3,5),(182,'2121141242105','202136126',36126,'tejasmeshram2909@gmail.com','9834150536','9145486100','TEJAS','CHAKRADHAR','MESHRAM','Aurangabad',19,1,NULL,3,5),(183,'2121141242106','202136127',36127,'sbehbajpai@gmail.com','8767893622','9552515816','SNEHA','VIJAY','BAJPAI','Aurangabad',19,1,NULL,3,5),(184,'2121141242107','202136128',36128,'rushi.rk1710@gmail.com','9923001849','9604257274','RUSHIKESH','RAVINDRA','KULKARNI','Aurangabad',19,1,NULL,3,5),(185,'2121141242108','202136129',36129,'khwajasadiya@gmail.com','9699352056','9503934407','FATIMA','KHWAJA','SADIYA','Aurangabad',19,1,NULL,3,5),(186,'2121141242109','202136130',36130,'renukad99991@gmail.com','9370700776','9823399991','RENUKA','RAM','DESHMUKH','Aurangabad',19,1,NULL,3,5),(187,'2121141242110','202136131',36131,'Khushikunte1@gmail.com','9322282704','9850050006','KHUSHI','SANDEEP','KUNTE','Aurangabad',20,1,NULL,3,5),(188,'2121141242111','202136132',36132,'hemantbhujang517@gmail.com','7507211724','7875451029','HEMANT','ANAND','BHUJANG','Aurangabad',20,1,NULL,3,5),(189,'2121141242112','202136133',36133,'khantabish2448@gmail.com','7262805895','9922008220','TABISH','SHOKAT','KHAN','Aurangabad',20,1,NULL,3,5),(190,'2121141242113','202136134',36134,'agrawalmayank.ma001@gmail.com','7264993864','8275137005','MAYANK','JAYESH','AGRAWAL','Aurangabad',20,1,NULL,3,5),(191,'2121141242114','202136135',36135,'aniketchopde03@gmail.com','8767861285','9503395401','ANIKET','SOMNATH','CHOPDE','Aurangabad',20,1,NULL,3,5),(192,'2121141242115','202136136',36136,'tejasmisal2265@gmail.com','9921834942','9689335879','TEJAS','RAMESH','MISAL','Aurangabad',20,1,NULL,3,5),(193,'2121141242116','202136137',36137,'sahilmhatre2666@gmail.com ','7709246753','8975627362','SAHIL','RAJESH','MHATRE','Aurangabad',20,1,NULL,3,5),(194,'2121141242117','202136138',36138,'bhagyashribhutekar24@gmail.com ','9423812064','9421410709','BHAGYASHRI','ARUN','BHUTEKAR','Aurangabad',20,1,NULL,3,5),(195,'2121141242118','202136139',36139,'rohan.chaudhari963@gmail.com','9022136234','9423460663','ROHAN','RANJIT','CHAUDHARI','Aurangabad',20,1,NULL,3,5),(196,'2121141242119','202136140',36140,'bahirashwini45@gmail.com','9422992833','9403104233','ASHWINI','LAXMAN','BAHIR','Aurangabad',20,1,NULL,3,5),(197,'2121141242120','202136141',36141,'rupalirkhandare20@gmail.com','9511687358','8208749964','RUPALI','RAMESHWAR','KHANDARE','Aurangabad',20,1,NULL,3,5),(198,'2121141242121','202136142',36142,'p.s.bhujbal1234@gmail.com','8237700189','8793551148','PRASAD','SANDEEP','BHUJBAL','Aurangabad',20,1,NULL,3,5),(199,'2121141242122','202136143',36143,'gauravikulkarni163@gmail.com','9322182759','9665195266','GAURAVI','MILIND','KULKARNI','Aurangabad',20,1,NULL,3,5),(200,'2121141242123','202136144',36144,'renukulkarni4545@gmail.com ','9284430394','9422178270','RENUKA','SUDHIR','KULKARNI','Aurangabad',20,1,NULL,3,5),(201,'2121141242124','202136145',36145,'siddhibikkad03@gmail.com ','9404234518','9423451077','SIDDHI','SUMANTRAO','BIKKAD','Aurangabad',20,1,NULL,3,5),(202,'2121141242125','202136146',36146,'pranjalidubey0016@gmail.com ','9960960848','9175102837','PRANJALI','SATYANARAYAN','DUBEY','Aurangabad',21,1,NULL,3,5),(203,'2121141242126','202136147',36147,'shrutiawasthi07@gmail.com','9767670793','9960409726','SHRUTI','SUSHIL','AWASTHI','Aurangabad',21,1,NULL,3,5),(204,'2121141242127','202136148',36148,'kalawarpooja@gmail.com','7378586916','9370926184','POOJA','GANGAREDDY','KALAWAR','Aurangabad',21,1,NULL,3,5),(205,'2121141242128','202136149',36149,'joej68902@gmail.com','8767422545','9423393100','SAEE','PRASHANT','JAGDALE','Aurangabad',21,1,NULL,3,5),(206,'2121141242129','202136150',36150,'Shubhangigaikwad1803@gmail.com','9075531068','9923750705','SHUBHANGI','RAMESH','GAIKWAD','Aurangabad',21,1,NULL,3,5),(207,'2121141242130','202136151',36151,'kadamshiv11@gmail.com','9420718247','8605597545','SHIVKUMAR','SUNIL','KADAM','Aurangabad',21,1,NULL,3,5),(208,'2121141242131','202136152',36152,'sanikachavan1806@gmail.com ','7887403910','9423450640','SANIKA','SANTOSH','CHAVAN','Aurangabad',21,1,NULL,3,5),(209,'2121141242132','202136153',36153,'mrunalkhanke7@gmail.com','8999099508','9822430180','MRUNAL','VISHNU','KHANKE','Aurangabad',21,1,NULL,3,5),(210,'2121141242133','202136154',36154,'samyakdjain03@gmail.com ','8668743781','7741033250','SAMYAK','DILIP','JAIN','Aurangabad',21,1,NULL,3,5),(211,'2121141242134','202136155',36155,'waleedbahakim123@gmail.com','9607553090','9049401614','WALEED','BIN','BAHAKIM','Aurangabad',21,1,NULL,3,5),(212,'2121141242135','202136156',36156,'abhayjadhav8164@gmail.com','8955703840','9421984030','ABHAY','PRATAPRAO','JADHAV','Aurangabad',21,1,NULL,3,5),(213,'2121141242136','202136157',36157,'bhosleyash18@gmail.com','9922615848','9767711998','YASHWANT','BHUJANGRAO','BHOSLE','Aurangabad',21,1,NULL,3,5),(214,'2121141242137','202136158',36158,'deshmukhga101@gmail.com','9356892737','9822828101','SHREYA','GANESH','DESHMUKH','Aurangabad',21,1,NULL,3,5),(215,'2121141242138','202136159',36159,'ideapadaatif@gmail.com','7066611096','9823070566','AHMED','ABDUL','AATIF','Aurangabad',21,1,NULL,3,5),(216,'2121141372071','202136160',36160,'dalalrutuja2004@gmail.com','0','0','RUTUJA','ANIL','DALAL','Aurangabad',21,1,NULL,3,5),(217,'2121141372130','202136161',36161,'swapnilspawar8767@gmail.com','0','0','SWAPNIL','SURESH','PAWAR','Aurangabad',22,1,NULL,3,5),(218,'2221141242501','202136162',36162,'snehasonawane099@gmail.com','8552910518','8552810518','SNEHA','VIJAY','SONAWANE','Aurangabad',22,1,NULL,3,5),(219,'2221141242502','202136163',36163,'siddhantsarode07@gmail.com','7066241657','8208466282','SIDDHANT','SURAJ','SARODE','Aurangabad',22,1,NULL,3,5),(220,'2221141242503','202136164',36164,'sahilspatil6@gmail.com','9175184390','9881184390','SAHIL','SANJAY','PATIL','Aurangabad',22,1,NULL,3,5),(221,'2221141242504','202136165',36165,'siddhitribhuwan@gmail.com','9923608035','9923608035','SIDDHI','SUDHAKAR','TRIBHUWAN','Aurangabad',22,1,NULL,3,5),(222,'2221141242505','202136166',36166,'sakshi.kakde2004@gmail.com','7083375279','7083365279','SAKSHI','SANJAY','KAKDE','Aurangabad',22,1,NULL,3,5),(223,'2221141242506','202136167',36167,'shitalkendre049@gmail.com','9156802587','8308467399','SHITAL','VITTHAL','KENDRE','Aurangabad',22,1,NULL,3,5),(224,'2221141242507','202136168',36168,'amrutasayli@gmail.com','9764844405','9764844405','SAYLI','ATUL','DESHPANDE','Aurangabad',22,1,NULL,3,5),(225,'2221141242508','202136169',36169,'samruddhi07giri@gmail.com','9021720386','8237797922','SAMRUDDHI','SHIRISH','GIRI','Aurangabad',22,1,NULL,3,5),(226,'2221141242509','202136170',36170,'vaishalinile896@gmail.com','9595921242','9595921242','VAISHALI','KIRTIKUMAR','NILE','Aurangabad',22,1,NULL,3,5),(227,'2221141242510','202136171',36171,'kshirsagargargi5@gmail.com','9561131802','9860752805','GARGI','NANDKISHOR','KSHIRSAGAR','Aurangabad',22,1,NULL,3,5),(228,'2221141242511','202136172',36172,'snehalpradhan695@gmail.com','7620941874','9860505058','SNEHAL','SANJAY','PRADHAN','Aurangabad',22,1,NULL,3,5),(229,'2221141242512','202136173',36173,'daditideshpande28@gmail.com','9970371867','9823524494','ADITI','AJAY','DESHPANDE','Aurangabad',22,1,NULL,3,5),(230,'2221141242513','202136174',36174,'manishapendharkar2004@gmail.com','7887562011','9850562047','MANISHA','LALSING','PENDHARKAR','Aurangabad',22,1,NULL,3,5),(231,'2221141242514','202136175',36175,'omdongre02@gmail.com','9322372083','7588640348','OM','BHAGWAN','DONGRE','Aurangabad',22,1,NULL,3,5),(232,'2221141242515','202136176',36176,'rohithadule2000@gmail.com','8459981484','9130398555','ROHIT','LAXMAN','HADULE','Aurangabad',22,1,NULL,3,5),(235,'2221141242001','202126001',26001,'sonwanerameshwar522@gmail.com','9022956273','7820917551','RAMESHWAR','VITTHAL','SONAWANE','Aurangabad',23,1,NULL,2,6),(236,'2221141242002','202126002',26002,'sahildeshmukh292@gmail.com','9309235532','8767833200','SAHIL','SANTOSH','PATANGE','Aurangabad',23,1,NULL,2,6),(237,'2221141242003','202126003',26003,'saqeebp10@gmail.com','7028512085','9371576633','SAQEEB','SABER','ALI','Aurangabad',23,1,NULL,2,6),(238,'2221141242004','202126004',26004,'suhassangawe643@gmail.com','9146104087','9075406832','SUHAS','JINDAS','SANGAWE','Aurangabad',23,1,NULL,2,6),(239,'2221141242005','202126005',26005,'sandhyanm2106@gmail.com','9309584586','9403126495','SANDHYA','NANASAHEB','MANDLIK','Aurangabad',23,1,NULL,2,6),(240,'2221141242007','202126006',26006,'nehasantoshbali@gmail.com','8767771028','9284951686','NEHA','SANTOSH','BALI','Aurangabad',23,1,NULL,2,6),(241,'2221141242008','202126007',26007,'aakanshaaghav4@gmail.com','9158180798','9637416985','AAKANSHA','SUNIL','AGHAV','Aurangabad',23,1,NULL,2,6),(242,'2221141242009','202126008',26008,'swamitanvi25@gmail.com','9975756601','9421456601','TANVI','VIRESH','SWAMI','Aurangabad',23,1,NULL,2,6),(243,'2221141242010','202126009',26009,'aniket22217pawar@gmail.com','9405107842','9421415920','ANIKET','TULSHIRAM','PAWAR','Aurangabad',23,1,NULL,2,6),(244,'2221141242011','202126010',26010,'nikitadhotre1704@gmail.com','8149360093','9657445425','NIKITA','GANESH','DHOTRE','Aurangabad',23,1,NULL,2,6),(245,'2221141242012','202126011',26011,'rajaturanvir31@gmail.com','7559493154','7559493154','RAJAT','UTTAM','RANVIR','Aurangabad',23,1,NULL,2,6),(246,'2221141242013','202126012',26012,'khushbupoul77@gmail.com','9552926644','9922773806','KHUSHBU','SHAHAJI','POUL','Aurangabad',23,1,NULL,2,6),(247,'2221141242014','202126013',26013,'mansizate@gmail.com','9545791517','9421307337','MANSI','SUBHASH','ZATE','Aurangabad',23,1,NULL,2,6),(248,'2221141242015','202126014',26014,'pavanbhagas18@gmail.com','9561177296','9307428112','PAVAN','SHESHNARAYAN','BHAGAS','Aurangabad',23,1,NULL,2,6),(249,'2221141242016','202126015',26015,'kadnaromkar@gmail.com','8625029304','9922444339','OMKAR','SITARAM','KADNAR','Aurangabad',23,1,NULL,2,6),(250,'2221141242017','202126016',26016,'rehanpathan6054@gmail.com','8459965511','7588930396','REHAN','ANEES','PATHAN','Aurangabad',24,1,NULL,2,6),(251,'2221141242018','202126017',26017,'gawadesarthak64@gmail.com','0','0','SARTHAK','PRAKASH','GAWADE','Aurangabad',24,1,NULL,2,6),(252,'2221141242019','202126018',26018,'Kalyanideshpande2705@gmail.com','8623879258','7588529258','KALYANI','EKNATH','DESHPANDE','Aurangabad',24,1,NULL,2,6),(253,'2221141242020','202126019',26019,'vinitsonawane76@gmail.com','9975294916','9595110484','VINIT','VINAYAK','SONAWANE','Aurangabad',24,1,NULL,2,6),(254,'2221141242021','202126020',26020,'akanshajawle@gmail.com','0','0','AKANSHA','BHUJANG','JAWLE','Aurangabad',24,1,NULL,2,6),(255,'2221141242022','202126021',26021,'surajpatilmagar4559@gmail.com','9890734559','9158667399','SURAJ','RAMBHAU','MAGAR','Aurangabad',24,1,NULL,2,6),(256,'2221141242023','202126022',26022,'gokulsagale143@gmail.com','8262865912','8624031501','GOKUL','JALINDAR','SAGALE','Aurangabad',24,1,NULL,2,6),(257,'2221141242024','202126023',26023,'varadnakhate289@gmail.com','7972787518','8329856699','VARAD','RAMESH','NAKHATE','Aurangabad',24,1,NULL,2,6),(258,'2221141242025','202126024',26024,'aditigiri041002@gmail.com','9975349262','9511764585','ADITI','AVINASH','GIRI','Aurangabad',24,1,NULL,2,6),(259,'2221141242026','202126025',26025,'saurabhsalve9999@gmail.com','9766789387','9960425145','SAURABH','VIJAY','SALVE','Aurangabad',24,1,NULL,2,6),(260,'2221141242027','202126026',26026,'deshpandeisha82@gmail.com','9022952231','8208718427','ISHA','MAKRAND','DESHPANDE','Aurangabad',24,1,NULL,2,6),(261,'2221141242028','202126027',26027,'pandhekar.omkar@gmail.com','8208090789','7028357194','OMKAR','RAJESH','PANDHEKAR','Aurangabad',24,1,NULL,2,6),(262,'2221141242029','202126028',26028,'pranpatil393@gmail.com','9637530588','9960315568','PRANJAL','YASHWANT','PATIL','Aurangabad',24,1,NULL,2,6),(263,'2221141242030','202126029',26029,'lakhatawde@gmail.com','8668440657','7588075675','LAXMIKANT','SADASHIV','TAWDE','Aurangabad',24,1,NULL,2,6),(264,'2221141242031','202126030',26030,'pallavibhise5670@gmail.com','8010042623','9309968382','PALLAVI','ANIL','BHISE','Aurangabad',24,1,NULL,2,6),(265,'2221141242032','202126031',26031,'samarthkakade30082004@gmail.com','8010322071','9922181869','SAMARTH','PANDIT','KAKADE','Aurangabad',25,1,NULL,2,6),(266,'2221141242033','202126032',26032,'shraddhashingare02@gmail.com','9822733038','9881745767','SHRADDHA','SUKHDEV','SHINGARE','Aurangabad',25,1,NULL,2,6),(267,'2221141242034','202126033',26033,'sourabhugwekar1109@gmail.com','7028760531','9112499700','SOURABH','SUNIL','UGAWEKAR','Aurangabad',25,1,NULL,2,6),(268,'2221141242035','202126034',26034,'ambatrushi@gmail.com','9175351247','9699335137','RUSHIKESH','DHARMENDRA','AMBAT','Aurangabad',25,1,NULL,2,6),(269,'2221141242036','202126035',26035,'harshabarhate02@gmail.com','9322138841','7972255883','HARSHADA','HIMMATRAO','BARHATE','Aurangabad',25,1,NULL,2,6),(270,'2221141242037','202126036',26036,'salunkeswapnil145@gmail.com','8459293092','7620076810','SWAPNIL','NARAYAN','SALUNKE','Aurangabad',25,1,NULL,2,6),(271,'2221141242038','202126037',26037,'aakashkanojia9963@gmail.com','9867993681','9867894086','AAKASh','PUSHPARAJ','KANOJIA','Aurangabad',25,1,NULL,2,6),(272,'2221141242039','202126038',26038,'vishaldhangare002@gmail.com','7498585802','7588641721','VISHAL','SHIVNATH','DHANGARE','Aurangabad',25,1,NULL,2,6),(273,'2221141242040','202126039',26039,'sagarwaghmare1384@gmail.com','7219330989','9730545823','SAGAR','SURYAKANT','WAGHMARE','Aurangabad',25,1,NULL,2,6),(274,'2221141242041','202126040',26040,'soham6218@gmail.com','8010036979','9699260345','SOHAM','JITENDRA','PAWAR','Aurangabad',25,1,NULL,2,6),(275,'2221141242042','202126041',26041,'chetanteli384@gmail.com','9370674091','9552052876','CHETAN','KISHOR','TELI','Aurangabad',25,1,NULL,2,6),(276,'2221141242043','202126042',26042,'deepaklabade001@gmail.com','9322762773','8275322918','DEEPAK','JAGAN','LABADE','Aurangabad',25,1,NULL,2,6),(277,'2221141242044','202126043',26043,'dade30301@gmail.com','9130373014','7020308191','DEEPAK','SUDAM','ADE','Aurangabad',25,1,NULL,2,6),(278,'2221141242045','202126044',26044,'vyankateshr1634@gmail.com','9764911667','7040707640','VYANKATESH','RAMDAS','KATHAR','Aurangabad',25,1,NULL,2,6),(279,'2221141242046','202126045',26045,'gunjanc050@gmail.com','8308729206','7875787139','GUNJAN','PRAFUL','CHAWDA','Aurangabad',25,1,NULL,2,6),(280,'2221141242047','202126046',26046,'mohdayyan297@gmail.com','7020202014','9371111733','AYYAN','HANIF','MOHD','Aurangabad',26,1,NULL,2,6),(281,'2221141242048','202126047',26047,'sankett321@gmail.com','0','0','SANKET','SHANKAR','THORAT','Aurangabad',26,1,NULL,2,6),(282,'2221141242049','202126048',26048,'atharvawandhare@gmail.com','9960079704','7038564083','ATHARVA','GOPALKRISHNA','WANDHARE','Aurangabad',26,1,NULL,2,6),(283,'2221141242050','202126049',26049,'siddhalikathar@gmail.com','9322465884','7058023465','SIDDHALi','DEEPAK','KATHAR','Aurangabad',26,1,NULL,2,6),(284,'2221141242051','202126050',26050,'sangamkarpradyumna@gmail.com','9405936752','9403003784','PRADYUMNA','BALAJI','SANGAMKAR','Aurangabad',26,1,NULL,2,6),(285,'2221141242052','202126051',26051,'sayliwasre2004@gmail.com','9322745801','9421657964','SAYALI','SUGRIV','WASRE','Aurangabad',26,1,NULL,2,6),(286,'2221141242053','202126052',26052,'shivrajvk143@gmail.com','7350969888','9422337405','SHIVRAJ','VIJAY','KALAMBE','Aurangabad',26,1,NULL,2,6),(287,'2221141242054','202126053',26053,'patilkalyani228@gmail.com','9075739664','9657120855','KALYANI','RAMKRISHNA','PATIL','Aurangabad',26,1,NULL,2,6),(288,'2221141242055','202126054',26054,'vedant772190@gmail.com','7721909544','9850635099','VEDANT','MAHENDRAKUMAR','NIRVAL','Aurangabad',26,1,NULL,2,6),(289,'2221141242056','202126055',26055,'omkarjaykar23@gmail.com','9673219342','9765353220','OMKAR','RAJENDRA','JAYKAR','Aurangabad',26,1,NULL,2,6),(290,'2221141242057','202126056',26056,'rohitborde08092004@gmail.com','9960728159','9545778749','ROHIT','SUNIL','BORDE','Aurangabad',26,1,NULL,2,6),(291,'2221141242058','202126057',26057,'sonalpraikar@gmail.com','9822337920','9822337970','SONAL','PRASHANT','RAIKAR','Aurangabad',26,1,NULL,2,6),(292,'2221141242059','202126058',26058,'ankita.ganesh.sonawane505@gmail.com','7972498192','9764844505','ANKITA','GANESH','SONAWANE','Aurangabad',26,1,NULL,2,6),(293,'2221141242060','202126059',26059,'chaitalibhamre07@gmail.com','7397902907','9405680484','CHAITALI','JITENDRA','BHAMRE','Aurangabad',26,1,NULL,2,6),(294,'2221141242061','202126060',26060,'chahatmutha@gmail.com','7447550245','9922223303','CHAHAT','RAKESH','MUTHA','Aurangabad',26,1,NULL,2,6),(295,'2221141242062','202126061',26061,'sakshibidwe3@gmail.com','9767747087','9673074263','SAKSHI','BABASAHEB','BIDWE','Aurangabad',27,1,NULL,2,6),(296,'2221141242063','202126062',26062,'omkarchavan0133@gmail.com','7620502623','7721876587','OMKAR','SAHEBRAO','CHAVAN','Aurangabad',27,1,NULL,2,6),(297,'2221141242064','202126063',26063,'nitindpatil25@gmail.com','9322904137','7798291101','NITIN','DNYANESHWAR','PATIL','Aurangabad',27,1,NULL,2,6),(298,'2221141242065','202126064',26064,'umule33@gmail.com','7058235717','8975655717','UMA','VISHNU','MULE','Aurangabad',27,1,NULL,2,6),(299,'2221141242066','202126065',26065,'tanmayrathod62@gmail.com','8856917094','8855809094','TANMAY','VINOD','RATHOD','Aurangabad',27,1,NULL,2,6),(300,'2221141242067','202126066',26066,'vaibhavchagansasane@gmail.com','8412885846','8237905846','VAIBHAV','CHAGAN','SASANE','Aurangabad',27,1,NULL,2,6),(301,'2221141242068','202126067',26067,'labadepunam4@gmail.com','8530715738','9373394939','PUNAM','DATTA','LABADE','Aurangabad',27,1,NULL,2,6),(302,'2221141242069','202126068',26068,'krushnak5000@gmail.com','7743891860','7774915000','KRUSHNA','VASANT','KAKDE','Aurangabad',27,1,NULL,2,6),(303,'2221141242070','202126069',26069,'sohamjadhav0405@gmail.com','9325539315','9404061740','SOHAM','HARISHChANDRA','JADHAV','Aurangabad',27,1,NULL,2,6),(304,'2221141242072','202126070',26070,'rucha123ingle@gmail.com','9356304244','8975317654','RUCHA','SURESH','INGLE','Aurangabad',27,1,NULL,2,6),(305,'2221141242073','202126071',26071,'aishwaryaghate03@gmail.com','8055541266','9579696305','AISHWARYA','GAJANAN','GHATE','Aurangabad',27,1,NULL,2,6),(306,'2221141242074','202126072',26072,'geetaapotikar200@gmail.com','7038731366','9765246296','GEETA','PRAKASH','APOTIKAR','Aurangabad',27,1,NULL,2,6),(307,'2221141242075','202126073',26073,'atharvawadgaonkar6@gmail.com','7499387245','8855866671','ATHARVA','MANOJ','WADGAONKAR','Aurangabad',27,1,NULL,2,6),(308,'2221141242077','202126074',26074,'sushma.abhang2003@gmail.com','8788663365','9730723868','SUSHMA','PRAKASH','ABHANG','Aurangabad',27,1,NULL,2,6),(309,'2221141242078','202126075',26075,'aashaychandratre@gmail.com','8767712728','9881478974','AASHAY','HEMANT','CHANDRATRE','Aurangabad',27,1,NULL,2,6),(471,'2021141242001','202146001',46001,'mahin9112097683@gmail.com','8421566110','9604160250','MAHIN','ZAFRULLAKHAN','PATHAN','Aurangabad',6,1,5,1,2),(472,'2021141242002','202146002',46002,'aartigiri954@gmail.com','9545544948','9158279586','AARTI','VIKAS','GIRI','Aurangabad',6,1,5,1,2),(473,'2021141242003','202146003',46003,'empty1@gmail.com','8788369659','9423449734','ABHINAV','ANKUSH','YADAV','Aurangabad',6,1,5,1,2),(474,'2021141242004','202146004',46004,'abishekchavan26@gmail.com','9359795973','9673483945','ABHISHEK','RAMESH','CHAVAN','Aurangabad',6,1,5,1,2),(475,'2021141242005','202146005',46005,'landgeabhishek413@gmail.com','7972702818','8390619605','ABHISHEK','SAMBHAJI','LANDGE','Aurangabad',6,1,5,1,2),(476,'2021141242006','202146006',46006,'abhishekjadhavnumber1@gmail.com','8888679151','8378992860','ABHISHEK','RAJENDRA','JADHAV','Aurangabad',6,1,5,1,2),(477,'2021141242007','202146007',46007,'abhishekthombre25@gmail.com','7499682192','9970550851','ABHISHEK','RAMESHWAR','THOMBRE','Aurangabad',6,1,5,1,2),(478,'2021141242008','202146008',46008,'adityagaike19@gmail.com','9423721481','8668795181','ADITYA','SURESH','GAIKE','Aurangabad',6,1,5,1,2),(479,'2021141242009','202146009',46009,'umbareaditya2071@gmail.com','9067010659','9067010659','ADITYA','ASHOKRAO','UMBARE','Aurangabad',6,1,5,1,2),(480,'2021141242011','202146010',46010,'jajay1742@gmail.com','9322241510','7350409298','AJAY','GULAB','JADHAV','Aurangabad',6,1,5,1,2),(481,'2021141242012','202146011',46011,'empty12@gmail.com','9322241510','7350409298','AJAY','NAVNATH','WAGH','Aurangabad',6,1,5,1,2),(482,'2021141242013','202146012',46012,'zagadeajay77@gmail.com','9322229489','7768005365','AJAY','ASHOK','ZAGADE','Aurangabad',6,1,5,1,2),(483,'2021141242014','202146013',46013,'ajishachendhamarakshan@gmail.com','9021673035','7499065165','AJISHA','CHENDHAMARAKSHAN','_','Aurangabad',6,1,5,1,2),(484,'2021141242015','202146014',46014,'akankshankhedkar225@gmail.com','8010839336','8007876973','AKANKSHA','NATTHUJI','KHEDKAR','Aurangabad',6,1,5,1,2),(485,'2021141242017','202146015',46015,'akshayshahane810@gmail.com','9168116881','8793621020','AKSHAY','NARHARI','SHAHANE','Aurangabad',6,1,5,1,2),(486,'2021141242018','202146016',46016,'26n2002amit@gmail.com','8459240428','8275930591','AMIT','SANJAY','BHUJANG','Aurangabad',7,1,5,1,2),(487,'2021141242019','202146017',46017,'india.amruta732@gmail.com','9172712898','9422242173','AMRUTA','SHRIKANT','KSHIRSAGAR','Aurangabad',7,1,5,1,2),(488,'2021141242020','202146018',46018,'kaleanjali1728@gmail.com','7775832299','9764922358','ANJALI','PRASHANT','KALE','Aurangabad',7,1,5,1,2),(489,'2021141242021','202146019',46019,'ankitanilekar0@gmail.com','9405271956','9421972401','ANKITA','ABHAY','NILEKAR','Aurangabad',7,1,5,1,2),(490,'2021141242022','202146020',46020,'rubigajbhiye038@gmail.com','8554048934','7066194690','ANNE','PRAMOD','GAJBHIYE','Aurangabad',7,1,5,1,2),(491,'2021141242023','202146021',46021,'anshulshende15@gmail.com','9511627337','9890187407','ANSHUL','CHARUDATTA','SHENDE','Aurangabad',7,1,5,1,2),(492,'2021141242024','202146022',46022,'anuragtajne17@gmail.com','7249497539','9921357539','ANURAG','KHUSHAL','TAJNE','Aurangabad',7,1,5,1,2),(493,'2021141242025','202146023',46023,'apekshagiri2021@gmail.com','9322149448','9767680586','APEKSHA','RAMNATH','GIRI','Aurangabad',7,1,5,1,2),(494,'2021141242026','202146024',46024,'the.ashutosh.raut@gmail.com','8975647628','8805913875','ASHUTOSH','VIJAY','RAUT','Aurangabad',7,1,5,1,2),(495,'2021141242029','202146025',46025,'atharv2002sd@gmail.com','9307485364','9359704406','ATHARVA','PRADEEP','DESHMUKH','Aurangabad',7,1,5,1,2),(496,'2021141242031','202146026',46026,'bhakti.b.navpute@gmail.com','9146158605','9921589726','BHAKTI','BHASKARRAO','NAVPUTE','Aurangabad',7,1,5,1,2),(497,'2021141242032','202146027',46027,'bushrasorathia1704@gmail.com','9130030973','9372501827','BUSHRA','SHAKIL','SORATHIA','Aurangabad',7,1,5,1,2),(498,'2021141242033','202146028',46028,'cvjagtap18@gmail.com','9404369043','0','CHETASHREE','VIJAY','JAGTAP','Aurangabad',7,1,5,1,2),(499,'2021141242034','202146029',46029,' divyankakhairnar@gmail.com','8237843723','8087788689','DIVYANKA','DILIP','KHAIRNAR','Aurangabad',7,1,5,1,2),(500,'2021141242035','202146030',46030,'eshajoshi202@gmail.com','9359819194','9284497336','ESHA','AVADHOOT','JOSHI','Aurangabad',7,1,5,1,2),(501,'2021141242037','202146031',46031,'ganeshkalepatil2002@gmail.com','7448093649','8379803910','GANESH','VITTHAL','KALE','Aurangabad',8,1,5,1,2),(502,'2021141242038','202146032',46032,'gauravpande281@gmail.com','9657773964','9657773964','GAURAV','RANJITLAL','PANDE','Aurangabad',8,1,5,1,2),(503,'2021141242039','202146033',46033,'govindpanchal796@gmail.com','9356894537','8459143989','GOVIND','UTTAM','PANCHAL','Aurangabad',8,1,5,1,2),(504,'2021141242040','202146034',46034,'142002harshthakur@gmail.com','9359187033','9588619601','HARSH','RAJESH','THAKUR','Aurangabad',8,1,5,1,2),(505,'2021141242043','202146035',46035,'empty123@gmail.com','0','0','HUZAIF','FAYAZ','SHEIKH','Aurangabad',8,1,5,1,2),(506,'2021141242045','202146036',46036,'ishwarnarwade12@gmail.com','7447373978','9579428349','ISHWAR','VINAYAK','NARWADE','Aurangabad',8,1,5,1,2),(507,'2021141242046','202146037',46037,'jayeshinamdar316@gmail.com','9022475187','9960623237','JAYESH','NISHIKANT','INAMDAR','Aurangabad',8,1,5,1,2),(508,'2021141242047','202146038',46038,'jayeshmutha413@gmail.com','9370489261','7276361835','JAYESH','VIKRAM','MUTHA','Aurangabad',8,1,5,1,2),(509,'2021141242048','202146039',46039,'kabibansode@gmail.com','9359674431','9001881640','KABIRA','SUDHIR','BANSODE','Aurangabad',8,1,5,1,2),(510,'2021141242049','202146040',46040,'hashtag5family@gmail.com','8857869634','8275321622','KAIWALYA','ANILKUMAR','JOSHI','Aurangabad',8,1,5,1,2),(511,'2021141242050','202146041',46041,'mdsupekar@gmail.com','7774032066','7774032066','KALYANI','MANIKLAL','SUPEKAR','Aurangabad',8,1,5,1,2),(512,'2021141242051','202146042',46042,'empty1234@gmail.com','0','0','KIRAN','DNYANESHWAR','KAMBLE','Aurangabad',8,1,5,1,2),(513,'2021141242052','202146043',46043,'krushnarajale0@gmail.com','9373553737','7276272733','KRUSHNA','SAHEBRAO','RAJALE','Aurangabad',8,1,5,1,2),(514,'2021141242053','202146044',46044,'krushnalende121@gmail.com','9021673097','9922351171','KRUSHNA','DNYANESHWAR','LENDE','Aurangabad',8,1,5,1,2),(515,'2021141242054','202146045',46045,'kushokalburgi@gmail.com','9322460459','9890500644','KUDSIYA','KAZIM','KALBURGI','Aurangabad',8,1,5,1,2),(516,'2021141242056','202146046',46046,'mi4422961@gmail.com','9767994402','9130417066','MAYURI','MADHUKAR','INGOLE','Aurangabad',9,1,5,1,2),(517,'2021141242057','202146047',46047,'londhemayu13@gmail.com','8421777550','7498575829','MAYURI','GULABRAO','LONDHE','Aurangabad',9,1,5,1,2),(518,'2021141242060','202146048',46048,'empty12345@gmail.com','0','0','MONIKA','GANESH','DESHPANDE','Aurangabad',9,1,5,1,2),(519,'2021141242061','202146049',46049,'nikitamankape2002@gmail.com','9146504304','9921881499','NIKITA','SAHEBRAO','MANKAPE','Aurangabad',9,1,5,1,2),(520,'2021141242062','202146050',46050,'nikitanaik121202@gmail.com','7620188648','9175742018','NIKITA','MAHESH','NAIK','Aurangabad',9,1,5,1,2),(521,'2021141242063','202146051',46051,'jaiswalom268@gmail.com','8421720020','9552303300','OM','AADESH','JAISWAL','Aurangabad',9,1,5,1,2),(522,'2021141242064','202146052',46052,'omrajendraparse@gmail.com','9049246867','9545298508','OM','RAJENDRA','PARSE','Aurangabad',9,1,5,1,2),(523,'2021141242065','202146053',46053,'omkarjaybhaye02@gmail.com','7888211005','7020522934','OMKAR','VITHOBA','JAYBHAYE','Aurangabad',9,1,5,1,2),(524,'2021141242067','202146054',46054,'poonamkankute44509@gmail.com','9960210580','9552336631','PALLAVI','PANDURANG','KANKUTE','Aurangabad',9,1,5,1,2),(525,'2021141242068','202146055',46055,'pankajb1712@gmail.com','9529872338','9325780375','PANKAJ','BHARAT','BHOSALE','Aurangabad',9,1,5,1,2),(526,'2021141242070','202146056',46056,'piyushsatpute16@gmail.com','9021039038','7420053456','PIYUSH','RAJENDRA','SATPUTE','Aurangabad',9,1,5,1,2),(527,'2021141242071','202146057',46057,'poornima.nalawade13@gmail.com','7058123656','7588401145','POORNIMA','ATUL','NALAWADE','Aurangabad',9,1,5,1,2),(528,'2021141242072','202146058',46058,'prkhandagale5949@gmail.com','8668953989','0','PRAJWAL','RAJENDRA','KHANDAGALE','Aurangabad',9,1,5,1,2),(529,'2021141242073','202146059',46059,'prasadsonawane101@gmail.com','9511214461','9028170132','PRASAD','SUBHASH','SONAWANE','Aurangabad',9,1,5,1,2),(530,'2021141242074','202146060',46060,'empty123456@gmail.com','0','0','PRATHAMESH','DEEPAK','WADGAONKAR','Aurangabad',9,1,5,1,2),(531,'2021141242075','202146061',46061,'kulkarnip874@gmail.com','7058537485','9028978011','PRATHAMESH','PRASHANTRAO','KULKARNI','Aurangabad',10,1,5,1,2),(532,'2021141242076','202146062',46062,'empty1234567@gmail.com','0','0','PRATIKSHA','DEVIDAS','KULKARNI','Aurangabad',10,1,5,1,2),(533,'2021141242077','202146063',46063,'prernabadwane@gmail.com','8275198580','9422517205','PRERNA','BHARAT','BADWANE','Aurangabad',10,1,5,1,2),(534,'2021141242079','202146064',46064,'priyabalgotra1@gmail.com','9541375039','9149973715','PRIYA','BHANU','BALGOTRA','Aurangabad',10,1,5,1,2),(535,'2021141242081','202146065',46065,'rahulnarode58@gmail.com','9503881203','7620209090','RAHUL','VILAS','NARODE','Aurangabad',10,1,5,1,2),(536,'2021141242084','202146066',46066,'renum8068@gmail.com','8788140538','8275465767','RENUKA','MANOJ','MAHAJAN','Aurangabad',10,1,5,1,2),(537,'2021141242086','202146067',46067,'riteshgawande1172@gmail.com','9370103526','9403125599','RITESH','ARUN','GAWANDE','Aurangabad',10,1,5,1,2),(538,'2021141242088','202146068',46068,'panderutuja763@gmail.com','9130347302','9975227029','RUTUJA','RAJKUMAR','PANDE','Aurangabad',10,1,5,1,2),(539,'2021141242089','202146069',46069,'rutukale.rjk29@gmail.com','9421586409','9822330279','RUTUMBHARA','JITENDRA','KALE','Aurangabad',10,1,5,1,2),(540,'2021141242090','202146070',46070,'empty12345678@gmail.com','0','0','SAINATH','BALASAHEB','GORE','Aurangabad',10,1,5,1,2),(541,'2021141242092','202146071',46071,'sakshisalve235@gmail.com','9975080856','9028047962','SAKSHI','KISHOR','SALVE','Aurangabad',10,1,5,1,2),(542,'2021141242093','202146072',46072,'kharolesakshi09@gmail.com','8856054444','9881232331','SAKSHI','SUNIL','KHAROLE','Aurangabad',10,1,5,1,2),(543,'2021141242094','202146073',46073,'empty123456789@gmail.com','0','0','SAKSHI','MUKUND','KULKARNI','Aurangabad',10,1,5,1,2),(544,'2021141242095','202146074',46074,'samikshakukadkar11@gmail.com','7559234591','7558525232','SAMIKSHA','SUDHAKAR','KUKADKAR','Aurangabad',10,1,5,1,2),(545,'2021141242097','202146075',46075,'sanjambindra2002@gmail.com','9420179204','7974315138','SARABJEET','KAUR','MANMAHINDER','Aurangabad',10,1,5,1,2),(546,'2221141242079','202126101',26101,'dummy2@example.com','7038976087','9850726168','ABHIJEET','LAXMAN','TELANG','Aurangabad',28,1,NULL,2,7),(547,'2221141242080','202126102',26102,'dummy3@example.com','8956460406','8007862687','OM','SANDEEP','KUNTE','Aurangabad',28,1,NULL,2,7),(548,'2221141242081','202126103',26103,'dummy4@example.com','9146052124','7507746563','VINAYAK','RAJESH','SALUNKE','Aurangabad',28,1,NULL,2,7),(549,'2221141242082','202126104',26104,'dummy5@example.com','9823582451','8698143604','YOGESH','NILKANTH','KALNE','Aurangabad',28,1,NULL,2,7),(550,'2221141242083','202126105',26105,'dummy6@example.com','7058556407','9860663306','ANAND','AMBADAS','MORE','Aurangabad',28,1,NULL,2,7),(551,'2221141242085','202126106',26106,'dummy7@example.com','8788343881','8788343881','SHIVANI','ANIL','MACHEWAD','Aurangabad',28,1,NULL,2,7),(552,'2221141242086','202126107',26107,'dummy8@example.com','9284602925','9284602925','KALYANI','SANJAY','SHINDE','Aurangabad',28,1,NULL,2,7),(553,'2221141242087','202126108',26108,'dummy9@example.com','7972108138','9823113453','KISHOR','RAJESHWAR','GOND','Aurangabad',28,1,NULL,2,7),(554,'2221141242088','202126109',26109,'dummy10@example.com','7972437226','9822061335','ADITI','GOKUL','SOMVANSHI','Aurangabad',28,1,NULL,2,7),(555,'2221141242089','202126110',26110,'dummy11@example.com','9146207706','8308958871','PRAVIN','KAILASRAO','BHAGWAT','Aurangabad',28,1,NULL,2,7),(556,'2221141242090','202126111',26111,'dummy12@example.com','9373532328','9665799492','RAMAN','SHIVAJI','BANSODE','Aurangabad',28,1,NULL,2,7),(557,'2221141242091','202126112',26112,'dummy13@example.com','8767079327','9387796260','MUSTAQEEM','ANEES','SHAIKH','Aurangabad',28,1,NULL,2,7),(558,'2221141242093','202126113',26113,'dummy14@example.com','8624945099','9049709979','SAKSHI','ARVIND','CHAVAN','Aurangabad',28,1,NULL,2,7),(559,'2221141242094','202126114',26114,'dummy15@example.com','7776912119','7709073237','DIPALI','VITTHALRAO','DESHMUKH','Aurangabad',28,1,NULL,2,7),(560,'2221141242095','202126115',26115,'dummy16@example.com','9423744970','8329989689','OMKAR','RAM','DESHPANDE','Aurangabad',28,1,NULL,2,7),(561,'2221141242096','202126116',26116,'dummy17@example.com','9922040475','8788886409','GAURAV','KAUTIKRAO','GADEKAR','Aurangabad',29,1,NULL,2,7),(562,'2221141242097','202126117',26117,'dummy18@example.com','9511798189','9922437173','ANURADHA','DATTU','LONEKAR','Aurangabad',29,1,NULL,2,7),(563,'2221141242098','202126118',26118,'dummy19@example.com','7387615816','9158360647','SOHAM','LAXMAN','NIKAM','Aurangabad',29,1,NULL,2,7),(564,'2221141242099','202126119',26119,'dummy20@example.com','8082889877','9596441909','ASHWINI','SOPANRAO','HAJARE','Aurangabad',29,1,NULL,2,7),(565,'2221141242100','202126120',26120,'dummy21@example.com','8830959506','9420414010','SUCHITA','SANJAY','NIRMAL','Aurangabad',29,1,NULL,2,7),(566,'2221141242101','202126121',26121,'dummy22@example.com','9356224325','9890143079','POORVA','UMESHSINGH','CHAUHAN','Aurangabad',29,1,NULL,2,7),(567,'2221141242102','202126122',26122,'dummy23@example.com','8999788825','8788611031','SANJANA','PANDURANG','MAHANKALE','Aurangabad',29,1,NULL,2,7),(568,'2221141242103','202126123',26123,'dummy24@example.com','9403057826','8055729974','AYUSH','RAVINDRA','CHARJAN','Aurangabad',29,1,NULL,2,7),(569,'2221141242104','202126124',26124,'dummy25@example.com','8379850678','9420401740','ANKITA','OMKAR','SOMWANSHI','Aurangabad',29,1,NULL,2,7),(570,'2221141242105','202126125',26125,'dummy26@example.com','9822330279','9822330279','SHUBHAM','GANESH','BHAVAR','Aurangabad',29,1,NULL,2,7),(571,'2221141242106','202126126',26126,'dummy27@example.com','7588189530','8483989852','SANSKRUTI','PRAVIN','JAISWAL','Aurangabad',29,1,NULL,2,7),(572,'2221141242107','202126127',26127,'dummy28@example.com','9172932229','9561271243','TUSHAR','CHANDRAKANT','MULE','Aurangabad',29,1,NULL,2,7),(573,'2221141242108','202126128',26128,'dummy29@example.com','9307249753','9307249753','RUSHIKESH','GAJANAN','GORE','Aurangabad',29,1,NULL,2,7),(574,'2221141242109','202126129',26129,'dummy30@example.com','8956777824','8956777824','ADITI','SUDHAKAR','NALAWADE','Aurangabad',29,1,NULL,2,7),(575,'2221141242110','202126130',26130,'dummy31@example.com','7498711851','8329087680','ISHA','VINOd','NARKHEDE','Aurangabad',29,1,NULL,2,7),(576,'2221141242111','202126131',26131,'dummy32@example.com','8805930101','9834357717','AKASH','UDDHAV','SONAR','Aurangabad',30,1,NULL,2,7),(577,'2221141242112','202126132',26132,'dummy33@example.com','9890313072','8999554229','HARSHVARDHAN','ARUN','KATE','Aurangabad',30,1,NULL,2,7),(578,'2221141242113','202126133',26133,'dummy34@example.com','8830723813','8668929312','CHAITANYA','GOVIND','DURKE','Aurangabad',30,1,NULL,2,7),(579,'2221141242114','202126134',26134,'dummy35@example.com','9579533188','9325200230','MUSHIRUDDIN','TAMEEZUDDIN','JAGIRDAR','Aurangabad',30,1,NULL,2,7),(580,'2221141242115','202126135',26135,'dummy36@example.com','7248997091','9767145123','SARAh','ANAm','nan','Aurangabad',30,1,NULL,2,7),(581,'2221141242116','202126136',26136,'dummy37@example.com','9112154959','9665572144','ZAINAB','ZAARA','KHWAJA','Aurangabad',30,1,NULL,2,7),(582,'2221141242117','202126137',26137,'dummy38@example.com','8624815506','8624815506','SHIVAM','SHRIRANG','CHAUDHARI','Aurangabad',30,1,NULL,2,7),(583,'2221141242118','202126138',26138,'dummy39@example.com','7796267449','9822678521','CHETAN','CHUNILAL','SALUNKE','Aurangabad',30,1,NULL,2,7),(584,'2221141242119','202126139',26139,'dummy40@example.com','9503504442','9730597774','ARYAN','SURESH','MIRKAR','Aurangabad',30,1,NULL,2,7),(585,'2221141242120','202126140',26140,'dummy41@example.com','8177955445','8793418547','KUNDAN','MURARI','NAIK','Aurangabad',30,1,NULL,2,7),(586,'2221141242121','202126141',26141,'dummy42@example.com','9423854023','7040754404','PREM','KERBA','JAMDADE','Aurangabad',30,1,NULL,2,7),(587,'2221141242122','202126142',26142,'dummy43@example.com','7276738751','9970065465','AMRINDER','SINGH','TEJPAL','Aurangabad',30,1,NULL,2,7),(588,'2221141242123','202126143',26143,'dummy44@example.com','9527021331','9422212754','NABEELA','ANAM','MOHAMMED','Aurangabad',30,1,NULL,2,7),(589,'2221141242124','202126144',26144,'dummy45@example.com','9673138626','9822535791','VIVEK','AVINASH','VIDHATE','Aurangabad',30,1,NULL,2,7),(590,'2221141242125','202126145',26145,'dummy46@example.com','9975275870','9881594602','PALLAVI','GAJANAN','CHANDAPURE','Aurangabad',30,1,NULL,2,7),(591,'2221141242126','202126146',26146,'dummy47@example.com','8767911256','8208871700','SANDIP','SITARAM','GIRI','Aurangabad',31,1,NULL,2,7),(592,'2221141242127','202126147',26147,'dummy48@example.com','8668476945','9421731133','ROHAN','PANDHARINATH','BHAWARE','Aurangabad',31,1,NULL,2,7),(593,'2221141242128','202126148',26148,'dummy49@example.com','8999367986','9049105675','GAURI','DNYANESHWAR','BHAGYAWANT','Aurangabad',31,1,NULL,2,7),(594,'2221141242129','202126149',26149,'dummy50@example.com','9325971491','9403753594','SAYALI','BHASKAR','RAMKAR','Aurangabad',31,1,NULL,2,7),(595,'2221141242130','202126150',26150,'dummy51@example.com','7666895798','9175448171','AYESHA','SIDDIQUA','MOHAMMED','Aurangabad',31,1,NULL,2,7),(596,'2221141242131','202126151',26151,'dummy52@example.com','7875774703','9850240244','SHARVARI','DHANANJAY','BHALE','Aurangabad',31,1,NULL,2,7),(597,'2221141242132','202126152',26152,'dummy53@example.com','7447642517','9552336631','RONAN','KURIAN','JOSEPH','Aurangabad',31,1,NULL,2,7),(598,'2221141242133','202126153',26153,'dummy54@example.com','8956525442','8806212842','GIRISH','KRUSHNA','GAJBHARE','Aurangabad',31,1,NULL,2,7),(599,'2221141242134','202126154',26154,'dummy55@example.com','8115365514','9935321223','TEJAS','NARAYAN','JADHAV','Aurangabad',31,1,NULL,2,7),(600,'2221141242135','202126155',26155,'dummy56@example.com','7297022783','7249352544','ADINATH','SHIVAJI','EDAKE','Aurangabad',31,1,NULL,2,7),(601,'2221141242136','202126156',26156,'dummy57@example.com','8767332131','8767332131','PREM','RAJU','MADNE','Aurangabad',31,1,NULL,2,7),(602,'2221141242137','202126157',26157,'dummy58@example.com','8208331810','9067290475','MAYUR','SAHEBSING','RAJPUT','Aurangabad',31,1,NULL,2,7),(603,'2221141242138','202126158',26158,'dummy59@example.com','8788220990','9423453552','ZAKARIA','AHMED','KHAN','Aurangabad',31,1,NULL,2,7),(604,'2221141242139','202126159',26159,'dummy60@example.com','9307907737','9561355939','SWAYAMBHU','YOGESH','GUPTA','Aurangabad',31,1,NULL,2,7),(605,'2221141372134','202126160',26160,'dummy61@example.com','7240533214','9860839440','PRATHMESH','SANTOSH','KATHAR','Aurangabad',31,1,NULL,2,7),(606,'2221141911040','202126161',26161,'dummy62@example.com','9881978944','9766224424','SAHIL','SUNIL','JADHAV','Aurangabad',32,1,NULL,2,7),(607,'2221141911046','202126162',26162,'dummy63@example.com','7620293236','9766079447','VAISHNAVI','KAILAS','JADHAV','Aurangabad',32,1,NULL,2,7),(608,'2221141911078','202126163',26163,'dummy64@example.com','9765761979','8690585788','ZAHIDUDDIN','ARIFUDDIN','SHIAKH','Aurangabad',32,1,NULL,2,7);
/*!40000 ALTER TABLE `masters_student` ENABLE KEYS */;
UNLOCK TABLES;

--
-- Table structure for table `masters_subject`
--

DROP TABLE IF EXISTS `masters_subject`;
/*!40101 SET @saved_cs_client     = @@character_set_client */;
/*!50503 SET character_set_client = utf8mb4 */;
CREATE TABLE `masters_subject` (
  `subject_id` int NOT NULL AUTO_INCREMENT,
  `subject_name` varchar(50) NOT NULL,
  `subject_type` smallint unsigned NOT NULL,
  `subject_code` varchar(20) DEFAULT NULL,
  `description` longtext NOT NULL,
  `att_score` int NOT NULL,
  `sem_id` bigint DEFAULT NULL,
  PRIMARY KEY (`subject_id`),
  UNIQUE KEY `subject_code` (`subject_code`),
  KEY `masters_subject_sem_id_f1942faf_fk_masters_semester_id` (`sem_id`),
  CONSTRAINT `masters_subject_sem_id_f1942faf_fk_masters_semester_id` FOREIGN KEY (`sem_id`) REFERENCES `masters_semester` (`id`),
  CONSTRAINT `masters_subject_chk_1` CHECK ((`subject_type` >= 0))
) ENGINE=InnoDB AUTO_INCREMENT=36 DEFAULT CHARSET=utf8mb4 COLLATE=utf8mb4_0900_ai_ci;
/*!40101 SET character_set_client = @saved_cs_client */;

--
-- Dumping data for table `masters_subject`
--

LOCK TABLES `masters_subject` WRITE;
/*!40000 ALTER TABLE `masters_subject` DISABLE KEYS */;
INSERT INTO `masters_subject` VALUES (1,'Big Data Analytics',3,'BDA','Big Data Analytics BDA',1,1),(2,'Cloud Computing',1,'CC','Cloud Computing CC',1,1),(3,'Artificial Intelligence',1,'AI','Artificial Intelligence AI',1,1),(4,'Cloud Computing',2,'CC Pr','Cloud Computing CC Pr',2,1),(5,'Artificial Intelligence',2,'AI Pr','Artificial Intelligence AI Pr',2,1),(6,'Blockchain Technology',3,'BT','Blockchain Technology BT',1,1),(7,'Deep Learning',3,'DL','Deep Learning DL',1,1),(8,'Bioinformatics',3,'BIO','Bioinformatics BIO',1,1),(9,'Business Intelligence',3,'BI','Business Intelligence BI',1,1),(10,'Virtual Reality',3,'VR','Virtual Reality VR',1,1),(11,'Soft Skill Training',4,'Soft Skill Training','Soft Skill Training',2,1),(12,'Software Engineering',1,'SE','Software Engineering SE',1,3),(13,'EMI',1,'53288','EMI',1,4),(14,'EMI PR',2,'532882','EMI PR',2,4),(15,'Engineering Mathematics-III',1,'BTBS 301','BTBS 301',1,2),(16,'Discrete Mathematics',1,'BTCOC302:','BTCOC302:',1,2),(17,'Data Structures',1,'BTCOC303','BTCOC303',1,2),(18,'Computer Architecture and Organization',1,'BTCOC 304','BTCOC 304',1,2),(19,'Object Oriented Programming in JAVA',1,'BTCOC 305','BTCOC 305',1,2),(20,'Data Structure PR',2,'BTCOL306','BTCOL306',2,2),(22,'Object Oriented Programming in JAVA PR',2,'PR012','BTCOL306',2,2),(23,'Database Systems',1,'BTCOC501','BTCOC501',1,3),(25,'Theory of Computation',1,'BTCOC502','BTCOC502',1,3),(26,'Software Engineering',1,'BTCOC503','BTCOC503',1,3),(27,' Human Computer Interaction',1,'BTCOE504','BTCOE504',1,3),(28,'Business Communication',1,'BTHM505','BTHM505',1,3),(29,'Database Systems PR',2,'BTCOL506','BTCOL506',2,3),(31,'Software Engineering PR',2,'PE013','Software Engineering Laboratory',2,3),(32,'Mini Project-1',2,'BTCOM507','BTCOM507',2,3),(34,'Seminar-I',2,'BTCOS307','BTCOS307',2,2),(35,'ElectiveSub',3,'10101','xdvfxdgd',1,4);
/*!40000 ALTER TABLE `masters_subject` ENABLE KEYS */;
UNLOCK TABLES;

--
-- Table structure for table `masters_subjectassignment`
--

DROP TABLE IF EXISTS `masters_subjectassignment`;
/*!40101 SET @saved_cs_client     = @@character_set_client */;
/*!50503 SET character_set_client = utf8mb4 */;
CREATE TABLE `masters_subjectassignment` (
  `id` bigint NOT NULL AUTO_INCREMENT,
  `total_lectures` int NOT NULL,
  `sel_batch_id` bigint DEFAULT NULL,
  `sel_class_id` bigint NOT NULL,
  `sel_elective_id` bigint DEFAULT NULL,
  `subject_id` int NOT NULL,
  `teacher_id` bigint NOT NULL,
  PRIMARY KEY (`id`),
  KEY `masters_subjectassig_sel_batch_id_274f3c5d_fk_masters_p` (`sel_batch_id`),
  KEY `masters_subjectassig_sel_class_id_fd04d287_fk_masters_c` (`sel_class_id`),
  KEY `masters_subjectassig_sel_elective_id_b5d78599_fk_masters_t` (`sel_elective_id`),
  KEY `masters_subjectassig_subject_id_d811483b_fk_masters_s` (`subject_id`),
  KEY `masters_subjectassig_teacher_id_88a547eb_fk_masters_t` (`teacher_id`),
  CONSTRAINT `masters_subjectassig_sel_batch_id_274f3c5d_fk_masters_p` FOREIGN KEY (`sel_batch_id`) REFERENCES `masters_practicalbatch` (`id`),
  CONSTRAINT `masters_subjectassig_sel_class_id_fd04d287_fk_masters_c` FOREIGN KEY (`sel_class_id`) REFERENCES `masters_class` (`id`),
  CONSTRAINT `masters_subjectassig_sel_elective_id_b5d78599_fk_masters_t` FOREIGN KEY (`sel_elective_id`) REFERENCES `masters_theoryelective` (`id`),
  CONSTRAINT `masters_subjectassig_subject_id_d811483b_fk_masters_s` FOREIGN KEY (`subject_id`) REFERENCES `masters_subject` (`subject_id`),
  CONSTRAINT `masters_subjectassig_teacher_id_88a547eb_fk_masters_t` FOREIGN KEY (`teacher_id`) REFERENCES `masters_teacher` (`id`)
) ENGINE=InnoDB AUTO_INCREMENT=80 DEFAULT CHARSET=utf8mb4 COLLATE=utf8mb4_0900_ai_ci;
/*!40101 SET character_set_client = @saved_cs_client */;

--
-- Dumping data for table `masters_subjectassignment`
--

LOCK TABLES `masters_subjectassignment` WRITE;
/*!40000 ALTER TABLE `masters_subjectassignment` DISABLE KEYS */;
INSERT INTO `masters_subjectassignment` VALUES (1,0,NULL,1,2,1,2),(8,0,NULL,4,NULL,13,6),(9,0,NULL,2,NULL,3,25),(10,0,NULL,7,NULL,17,14),(11,0,NULL,6,NULL,17,14),(12,0,NULL,6,NULL,19,31),(13,0,NULL,3,NULL,25,18),(14,0,NULL,5,NULL,25,18),(15,0,NULL,3,NULL,27,16),(16,0,NULL,5,NULL,27,16),(17,0,NULL,2,5,10,17),(18,0,NULL,1,1,10,17),(19,0,NULL,3,NULL,23,19),(20,0,NULL,5,NULL,23,19),(21,0,NULL,1,NULL,3,21),(22,0,NULL,1,2,7,22),(23,0,NULL,6,NULL,17,22),(24,0,NULL,7,NULL,19,23),(25,0,NULL,2,NULL,2,26),(26,0,NULL,1,NULL,2,26),(27,0,NULL,6,NULL,16,20),(28,0,NULL,7,NULL,16,20),(29,0,NULL,2,5,9,24),(30,0,NULL,1,1,9,24),(31,0,NULL,6,NULL,15,15),(32,0,NULL,7,NULL,15,15),(33,0,NULL,2,5,8,28),(34,0,NULL,1,1,8,28),(35,0,NULL,6,NULL,18,30),(36,0,NULL,7,NULL,18,30),(37,0,NULL,1,2,6,29),(38,0,18,5,NULL,31,16),(39,0,19,5,NULL,29,29),(40,0,22,5,NULL,31,23),(41,0,21,5,NULL,29,27),(42,0,19,5,NULL,31,16),(43,0,20,5,NULL,29,29),(44,0,20,5,NULL,31,16),(45,0,18,5,NULL,29,29),(46,0,21,5,NULL,31,16),(47,0,22,5,NULL,29,29),(48,0,11,3,NULL,31,1),(49,0,12,3,NULL,29,19),(50,0,14,3,NULL,31,23),(51,0,15,3,NULL,29,27),(52,0,12,3,NULL,31,1),(53,0,13,3,NULL,29,19),(54,0,11,3,NULL,29,27),(55,0,15,3,NULL,31,23),(56,0,13,3,NULL,31,1),(57,0,14,3,NULL,29,19),(58,0,25,6,NULL,22,31),(59,0,26,6,NULL,20,22),(60,0,26,6,NULL,22,31),(61,0,27,6,NULL,20,22),(62,0,23,6,NULL,22,31),(63,0,23,6,NULL,22,31),(64,0,24,6,NULL,20,22),(65,0,24,6,NULL,22,31),(66,0,23,6,NULL,20,28),(67,0,27,6,NULL,22,31),(68,0,25,6,NULL,20,14),(69,0,30,7,NULL,22,23),(70,0,31,7,NULL,20,14),(71,0,28,7,NULL,22,23),(72,0,29,7,NULL,20,14),(73,0,32,7,NULL,22,23),(74,0,30,7,NULL,20,14),(76,0,NULL,3,NULL,12,13),(77,0,NULL,5,NULL,12,13),(78,0,NULL,3,NULL,28,1),(79,0,NULL,5,NULL,28,1);
/*!40000 ALTER TABLE `masters_subjectassignment` ENABLE KEYS */;
UNLOCK TABLES;

--
-- Table structure for table `masters_teacher`
--

DROP TABLE IF EXISTS `masters_teacher`;
/*!40101 SET @saved_cs_client     = @@character_set_client */;
/*!50503 SET character_set_client = utf8mb4 */;
CREATE TABLE `masters_teacher` (
  `id` bigint NOT NULL AUTO_INCREMENT,
  `thumb_id` varchar(10) NOT NULL,
  `first_name` varchar(50) NOT NULL,
  `middle_name` varchar(50) DEFAULT NULL,
  `last_name` varchar(50) NOT NULL,
  `email` varchar(254) NOT NULL,
  `department_id` bigint NOT NULL,
  PRIMARY KEY (`id`),
  UNIQUE KEY `thumb_id` (`thumb_id`),
  UNIQUE KEY `email` (`email`),
  KEY `masters_teacher_department_id_3e9e157e_fk_masters_department_id` (`department_id`),
  CONSTRAINT `masters_teacher_department_id_3e9e157e_fk_masters_department_id` FOREIGN KEY (`department_id`) REFERENCES `masters_department` (`id`)
) ENGINE=InnoDB AUTO_INCREMENT=33 DEFAULT CHARSET=utf8mb4 COLLATE=utf8mb4_0900_ai_ci;
/*!40101 SET character_set_client = @saved_cs_client */;

--
-- Dumping data for table `masters_teacher`
--

LOCK TABLES `masters_teacher` WRITE;
/*!40000 ALTER TABLE `masters_teacher` DISABLE KEYS */;
INSERT INTO `masters_teacher` VALUES (1,'DEM012','Sandeep','Giradharlal','Shah','sandeepshah@dietms.org',1),(2,'DEM094','Pravin','Bhivsen','Mahadik','pravinmahadik@dietms.org',1),(3,'7576','PROF.VITTAL',NULL,'BHOSLE','vitthalbhosale@dietms.org',2),(6,'2012','Rushi','Sanjay','Malani','rushikeshmalani66@gmail.com',2),(13,'DEM005','Sanjay','Balasaheb ','Kalyankar','hodcse@dietms.org',1),(14,'DEM028','Madhubala','Pandit ','Chaudhari','MADHUBALACHAUDHARI@dietms.org',1),(15,'DEM030','Vishalsingh','Sarjeetsingh ','Chauhan','VISHALCHAUHAN@dietms.org ',1),(16,'DEM046','Priyanka','Balasaheb ','Dhas ','PRIYANKADHAS@dietms.org',1),(17,'DEM047','Pramod','Baburao ','Bhalerao','PRAMODBHALERAO@dietms.org',1),(18,'DEM048','Pravin','Ramkrishna ','Rathod','PRAVINRATHOD@dietms.org',1),(19,'DEM050','Pankaj','Hari ','Durole','PANKAJDUROLE@dietms.org',1),(20,'DEM051','Sarika','Bapusaheb ','Chavan','SARIKASOLANKE@dietms.org',1),(21,'DEM057','Smita','Sudhir ','Ponde','SMITAPONDE@dietms.org',1),(22,'DEM061','Ashwini','Sanjay ','Gaikwad','ASHWINIGAIKWAD@dietms.org',1),(23,'DEM073','Poonam','Nagraj ','Borase','POONAMBORASE@dietms.org',1),(24,'DEM082','Manisha','Ramesh ','Mundhe','manishamundhe@dietms.org',1),(25,'DEM020','Padmapani','Prakash ','Tribhuvan','PADMAPANITRIBHUVAN@dietms.org',1),(26,'DEM095','Vijay','Sudamrao ','Kolte','vijaykolte@dietms.org',1),(27,'DEM317','Gopal','Parmeshwar','Burkul ','gopalburkul@dietms.org',1),(28,'DEM323','Ashwini','Ashokrao','Jagnade ','ashwinijagnade@dietms.org',1),(29,'DEM360','Amol ','Dadarao','Wakhare ','amolwakhare@dietms.org',1),(30,'DEM242','Kakasaheb ','Sheshrao','Jadhav ','ksjadhav@dietms.org',1),(31,'DEM024','Sonali','Kakasaheb ','Shelke ','sonalishelke@dietms.org',1),(32,'6999','Teki',NULL,'Teki','teki9ggxdgg@gmail.com',2);
/*!40000 ALTER TABLE `masters_teacher` ENABLE KEYS */;
UNLOCK TABLES;

--
-- Table structure for table `masters_theoryelective`
--

DROP TABLE IF EXISTS `masters_theoryelective`;
/*!40101 SET @saved_cs_client     = @@character_set_client */;
/*!50503 SET character_set_client = utf8mb4 */;
CREATE TABLE `masters_theoryelective` (
  `id` bigint NOT NULL AUTO_INCREMENT,
  `elective_name` varchar(50) NOT NULL,
  `student_class_id` bigint DEFAULT NULL,
  PRIMARY KEY (`id`),
  KEY `masters_theoryelecti_student_class_id_c123539a_fk_masters_c` (`student_class_id`),
  CONSTRAINT `masters_theoryelecti_student_class_id_c123539a_fk_masters_c` FOREIGN KEY (`student_class_id`) REFERENCES `masters_class` (`id`)
) ENGINE=InnoDB AUTO_INCREMENT=6 DEFAULT CHARSET=utf8mb4 COLLATE=utf8mb4_0900_ai_ci;
/*!40101 SET character_set_client = @saved_cs_client */;

--
-- Dumping data for table `masters_theoryelective`
--

LOCK TABLES `masters_theoryelective` WRITE;
/*!40000 ALTER TABLE `masters_theoryelective` DISABLE KEYS */;
INSERT INTO `masters_theoryelective` VALUES (1,'E1',1),(2,'E2',1),(4,'E1',4),(5,'E1',2);
/*!40000 ALTER TABLE `masters_theoryelective` ENABLE KEYS */;
UNLOCK TABLES;
/*!40103 SET TIME_ZONE=@OLD_TIME_ZONE */;

/*!40101 SET SQL_MODE=@OLD_SQL_MODE */;
/*!40014 SET FOREIGN_KEY_CHECKS=@OLD_FOREIGN_KEY_CHECKS */;
/*!40014 SET UNIQUE_CHECKS=@OLD_UNIQUE_CHECKS */;
/*!40101 SET CHARACTER_SET_CLIENT=@OLD_CHARACTER_SET_CLIENT */;
/*!40101 SET CHARACTER_SET_RESULTS=@OLD_CHARACTER_SET_RESULTS */;
/*!40101 SET COLLATION_CONNECTION=@OLD_COLLATION_CONNECTION */;
/*!40111 SET SQL_NOTES=@OLD_SQL_NOTES */;

-- Dump completed on 2023-10-01  1:11:43
